brand,product_name,country_of_sale,carbonation,source_name,source_location,water_type,calcium_mg_l,magnesium_mg_l,sodium_mg_l,potassium_mg_l,bicarbonate_mg_l,sulfate_mg_l,chloride_mg_l,nitrate_mg_l,fluoride_mg_l,ph,dry_residue_180c_mg_l,tds_mg_l,alkalinity_as_printed,hardness_as_printed,analysis_or_label_date,source_url,retrieval_date,provenance_flag,units_notes,notes
Aguaí,Aguaí Água Mineral Natural (Fonte da Mata),BR,still,Fonte da Mata,"São Joaquim de Bicas, MG",natural mineral water,3.668,3.170,5.497,1.105,41.06,0.69,0.40,0.54,0.05,6.20,68.82,,,,"Boletim nº 016/LAMIN-Caeté/2025, 09/02/2026",https://www.aguamineralaguai.com.br/,2026-09-14,brand_site,"resíduo de evaporação a 180 °C (calculado), mg/L","Classificação: Água mineral fluoretada e fracamente radioativa na fonte. Also: Silício 15.414, Estrôncio 0.043; temperatura 23.1 °C; condutividade 69.2 µS/cm; radioatividade 5.92 maches."
Aguaí,Aguaí Água Mineral Natural (Fonte Dolores),BR,still,Fonte Dolores,"São Joaquim de Bicas, MG",natural mineral water,6.514,4.805,7.866,0.974,61.91,0.39,1.08,1.73,0.06,6.40,93.77,,,,"Boletim nº 015/LAMIN-Caeté/2025, 09/02/2026",https://www.aguamineralaguai.com.br/,2026-09-14,brand_site,"resíduo de evaporação a 180 °C (calculado), mg/L","Classificação: Água mineral fluoretada e radioativa na fonte. Also: Silício 18.277, Fosfato 0.15, Estrôncio 0.071; temperatura 23.6 °C; condutividade 111.0 µS/cm; radioatividade 31.95 maches."
Aquavita (Serra dos Órgãos),Água Mineral Aquavita garrafão 20 L sem gás,BR,still,Aquavita,"Estrada Leonídia Martins dos Santos, 522, Guapimirim, RJ",natural mineral water,4.968,1.795,5.118,1.575,20.96,3.37,6.34,3.89,0.07,6.20,56.71,,,,"Boletim 145/LAMIN/2023, 06/06/2023",https://serradosorgaos.com.br/agua-mineral-aquavita/,2026-09-14,brand_site,"resíduo de evaporação a 180 °C (calculado), mg/L","Also: Silício total 8.822, Estrôncio 0.060, Brometo 0.04, Bário 0.035; temperatura 24.6 °C; condutividade 79.2 µS/cm; radioatividade 10.47 maches."
Bioleve,Água Mineral Bioleve (Fonte Jatobá 1),BR,still,Fonte Jatobá 1,"Lindóia, SP",natural mineral water,12.19,7.10,3.21,1.53,78.46,0.2,1.04,3.3,0.02,6.79,94.61,,,,not stated,https://saojoaoaguas.com.br/composicao_lindoya-bioleve.html,2026-09-14,label_photo_official,"resíduo de evaporação a 180 °C (calculado), mg/L","Water distributor page reproducing label composition; no analysis date. Also: Estrôncio 0.054, Bário 0.040; temperatura 22.0 °C; condutividade 123.2 µS/cm; radioatividade 5.10 maches."
Bioleve,Água Mineral Bioleve (Fonte Santo Antonio 9),BR,still,Fonte Santo Antonio 9,"Lindóia, SP",natural mineral water,5.77,3.12,3.54,1.74,44.50,0.1,0.17,0.3,0.07,6.98,61.57,,,,not stated,https://saojoaoaguas.com.br/composicao_lindoya-bioleve.html,2026-09-14,label_photo_official,"resíduo de evaporação a 180 °C (calculado), mg/L","Water distributor (São João Águas) page reproducing label composition; no analysis date. Also: Estrôncio 0.038, Bário 0.043; temperatura 22.1 °C; condutividade 74.9 µS/cm; radioatividade 5.07 maches."
Bioleve,Água Mineral Natural bioleve,BR,still,,"Rod. Gov. Mário Covas Jr. Km 1,5, Barreiro de Baixo, Lindóia, SP",natural mineral water,13.300,8.060,3.570,1.400,87.42,,0.94,3.67,0.02,6.72,108.34,,,,"Análise Nº 011/LAMIN/CPRM-SP, 08/04/2019",https://www.bioleve.com.br/bioleve-agua-mineral-natural,2026-09-14,brand_site,"resíduo de evaporação a 180 °C (calculado), mg/L","Fonte name not printed on page. Also printed: Bário 0.023, Estrôncio 0.057; temperatura na fonte 22.8 °C; condutividade 139.2 µS/cm. Sulfato not printed."
Bonafont,"Água Mineral sem Gás Bonafont 1,5 Litros",BR,still,,,natural mineral water,1.402,0.586,1.212,1.669,7.53,0.06,0.58,4.53,0.05,,,,,,not stated,https://www.superjose.com.br/p/Agua-Mineral-sem-Gas-BONAFONT-1-5-Litros,2026-09-14,label_photo_official,,Retailer page reproducing label composition (ions only). Also printed: Bário 0.065. Brand site (bonafont.com.br) unreachable (connection refused). Bonafont Kids is the same water.
Cambuquira (MinasBev),Cambuquira Água Mineral,BR,still,Fonte Roxo Rodrigues,"Cambuquira, MG",natural mineral water,1.825,0.706,2.537,1.530,12.14,0.02,0.52,6.91,0.01,4.55,37.04,,,,not stated,https://www.minasbev.com.br/cambuquira,2026-09-14,brand_site,"resíduo de evaporação a 180 °C (calculado), mg/L","Gás carbônico 3848.71 mg/L at source (naturally carbogaseous source). Also: Lítio 0.005, Estrôncio 0.029, Bário 0.111; temperatura 22.4 °C; condutividade 50.4 µS/cm."
Caxambu (MinasBev),Caxambu Água Mineral (column M1),BR,still,,"Caxambu, MG",natural mineral water,11.605,1.986,5.982,7.45,70.81,0.88,0.67,0.26,0.17,5.14,85.48,,,,not stated,https://www.minasbev.com.br/caxambu,2026-09-14,brand_site,"resíduo de evaporação a 180 °C (calculado), mg/L","Page prints three unlabeled columns M1/M2/M3; M1 copied here. M2: Bicarbonato 73.53, Cálcio 11.553, Magnésio 2.01, Sódio 6.276, Potássio 7.963, pH 5.15, resíduo 89.17. M3: Bicarbonato 16.81, Cálcio 2.454, pH 5.05, resíduo 31.46. Gás carbônico 923.25 mg/L at source (M1) — naturally carbogaseous source; sold both naturally sparkling and sem gás. Also: Lítio 0.01, Estrôncio 0.446, Bário 0.366."
Charrua,Água Mineral Charrua,BR,still,Fonte Nova,"Rua João Vedana, 178, Serra da Queimada, Vila Nova, Porto Alegre, RS",natural mineral water,9.63,4.66,20.90,3.27,37.73,2.30,21.86,34.10,0.39,5.83,152.83,,,,not stated (blog post 2007),http://eniolopes.blogspot.com/2007/10/charrua.html,2026-09-14,third_party,"resíduo de evaporação a 180 °C (calculado), mg/L",Blog transcription (2007); no official page found. Classificação: fluoretada e radioativa na fonte. Also: Silício 16.14; temperatura 22.00 °C; condutividade 226.00 µS/cm.
Cristal (Fonte Santa Bárbara),Água Mineral Cristal,BR,still,Fonte Santa Bárbara,"Estância Hidromineral de Águas de Santa Bárbara, SP",natural mineral water,15.100,3.770,5.160,1.120,61.01,,4.93,9.12,0.10,6.64,115.14,,,,"Boletim Nº 020/LAMIN-SP, 14/03/2023",http://www.aguamineralcristal.com.br/index.html,2026-09-14,brand_site,"resíduo de evaporação a 180 °C (calculado), mg/L","Company: Água Mineral Cristal (Águas de Santa Bárbara), not the Prata group. Also: Bário 0.017; temperatura 23.2 °C; condutividade 146.3 µS/cm. Potássio printed as '1.120' (Brazilian thousands-style dot = 1,120 mg/L)."
Crystal (Coca-Cola FEMSA),"Água Crystal Sem Gás Pet 1L / 1,5L",BR,still,,,natural mineral water,8.080,0.363,17.700,2.060,66.06,0.17,,0.06,0.04,,,,,,not stated,https://www.hiperzoo.com.br/agua-crystal-sem-gas-l-28208,2026-09-14,label_photo_official,,"Retailer page reproducing label composition; fonte not named on the page. Also printed: Carbonato 5.21, Estrôncio 0.353. Crystal is bottled from several fontes named on each label (José Gregório, São Bento, Ijuí, Santa Maria per https://www.solarbr.com.br/produto/crystal); brand site (coca-cola.com/br) publishes no composition."
Dias D'Ávila,Água Mineral Dias D'Ávila sem Gás Pet 5L,BR,still,,"Dias D'Ávila, BA",natural mineral water,8.800,4.070,2.390,2.760,50.71,2.95,0.85,1.16,0.22,,,,,,not stated,https://www.samsclub.com.br/agua-mineral-dias-davila-sem-gas-pet-5l-7896294600094/p,2026-09-14,label_photo_official,,"Retailer page reproducing label (ions only). Company has three fontes (Senhor do Bonfim, Nossa Senhora de Fátima, Saúde per brand site); the fonte for this label is not stated. Also: Bário 0.051, Estrôncio 0.109, Fosfato 0.37. Brand product pages are JavaScript-only."
Elan Levíssima,Água Elan Levíssima,BR,still,,,natural mineral water,7.61,0.97,5.02,2.50,42.06,0.91,,2.00,0.03,6.10,,,,,not stated,https://nascenteaguamineral.com.br/composicao-da-agua/,2026-09-14,label_photo_official,,"Water distributor (Nascente, RS) page reproducing label."
Font Life,Água Mineral Font Life (Fonte Pedra Branca 1),BR,still,Fonte Pedra Branca 1,"Palhoça, Santa Catarina (R. João Bernardino da Rosa, 355)",natural mineral water,5.918,2.092,9.453,3.263,43.86,0.98,5.52,4.07,0.05,6.10,,,,,,https://fontlife.com.br/,2026-09-14,brand_site,"""COMPOSIÇÃO QUÍMICA (mg/l)""; pH printed as ""pH a 25°C: 6,10""; decimal commas converted to points. Site spells ""Bicabornato"" (typo) — recorded as bicarbonate.","Classificação printed: ""Água Mineral fluoretada e radioativa na fonte"". Also printed: Brometo 0.10, Estrôncio 0.092, Bário 0.080. No resíduo seco, no analysis date. Values supplied by project owner and verified against the brand homepage text on 2026-09-14 (exact match)."
Font Life,Água Mineral Font Life (Fonte Riacho Doce),BR,still,Fonte Riacho Doce,"Quitandinha, Paraná (Rodovia PR 281, Km 25)",natural mineral water,5.255,1.763,6.205,3.365,36.18,0.56,2.68,4.73,0.08,6.15,,,,,,https://fontlife.com.br/,2026-09-14,brand_site,"""COMPOSIÇÃO QUÍMICA (mg/l)""; pH printed as ""pH a 25°C: 6,15""; decimal commas converted to points.","Classificação printed: ""Água Mineral fluoretada e fracamente radioativa na fonte"". Also printed: Fosfato 0.23, Estrôncio 0.158, Bário 0.096, Brometo 0.04. No resíduo seco, no analysis date. Values supplied by project owner and verified against the brand homepage text on 2026-09-14 (exact match)."
Fontes de Belém,Água Fontes de Belém,BR,still,,,natural mineral water,6.370,1.550,12.840,2.950,40.000,,13.750,,0.110,5.82,,,,,not stated,https://nascenteaguamineral.com.br/composicao-da-agua/,2026-09-14,label_photo_official,,"Water distributor (Nascente, RS) page reproducing label. Also: Estrôncio 0.051, Lítio 0.014, Silício 13.460."
Frescca,Água Mineral Natural Frescca com gás 510 ml (Fonte São Francisco),BR,sparkling,Fonte São Francisco,,natural mineral water,11.9,2.51,7.97,3.56,68.17,,3.11,1.09,0.14,6.06,110.34,,,,"Análise n° 044/LAMIN/CPRM-SP, 16/05/2019",https://aguafrescca.com.br/embalagens/,2026-09-14,brand_site,"resíduo de evaporação a 180 °C (calculado), mg/L","Brand page lists this fonte under the 510 ml com gás product; values are the source-water analysis. Also: Bário 0.05, Fosfato 0.58, Estrôncio 0.197, Brometo 0.1; temperatura 22.4 °C; condutividade 154.3 µS/cm; radioatividade 17.14 maches."
Frescca,Água Mineral Natural Frescca sem gás (Fonte São José),BR,still,Fonte São José,,natural mineral water,10.6,0.584,26.8,1.66,56.46,33.05,2.88,0.3,1.76,6.65,133.33,,,,"Análise n° 043/LAMIN/CPRM-SP, 16/05/2019",https://aguafrescca.com.br/embalagens/,2026-09-14,brand_site,"resíduo de evaporação a 180 °C (calculado), mg/L","Also: Bário 0.03, Estrôncio 0.396, Brometo 0.03, Fosfato 0.1; temperatura 24.8 °C; condutividade 224 µS/cm; radioatividade 8.44 maches. Same ions on Extra retailer page https://www.extramercado.com.br/produto/20780/... (classificação: Água mineral fluoretada, radioativa na fonte)."
Ibirá,Água Ibirá (Fonte Ibirá 4),BR,still,Fonte Ibirá 4 (Aquífero Bauru),"Rodovia SP 402, km 7 + 600 m, Termas de Ibirá, SP",natural mineral water,0.734,,83.300,0.504,36.69,34.23,3.33,0.29,0.40,10.16,245.64,,,,Boletim 582R Lamin/CPRM-SP/2022,https://aguaibira.com.br/agua-mineral,2026-09-14,brand_site,"resíduo de evaporação a 180 °C (calculado), mg/L","Classificação: Água Mineral Fluoretada, Vanádica, Hipotermal na Fonte. Magnésio not printed. Also: Carbonato 84.21, Vanádio 0.079, Estrôncio 0.027, Brometo 0.02; temperatura 26.2 °C; condutividade 423.0 µS/cm; Processo ANM 27202.003244/1959-51. Older label (LAMIN 130, 17/07/14) at aguaibiraonline.com.br: pH 10.15, Na 94.100, HCO3 33.77, CO3 79.82, SO4 39.26, DR 278.00."
Igarapé,Água Mineral Igarapé sem gás 500 ml,BR,still,,"Fazenda Tatu da Vista Alegre, BR 381 km 509,4, zona rural, MG",natural mineral water,1.405,0.697,0.175,<0.100,7.080,0.140,0.180,0.890,,5.25,16.72,,,,"Laudo 322/LAMIN/19, 23/09/2019",https://www.igarape.com/agua-mineral-igarape-sem-gas-5/,2026-09-14,brand_site,"resíduo de evaporação a 180 °C (calculado), mg/L",Condutividade printed 16.0 mS/cm (likely µS/cm); radioatividade 5.03 maches; temperatura 22.4 °C.
Itati,Itati Água sem gás 20 L,BR,still,,"Rua Liberdade, 990, Vila Rosa, Canoas, RS (Ind. e Com. de Bebidas Araçá Ltda.)",natural mineral water,6.303,4.768,48.480,1.112,118.43,9.65,,,0.91,7.29,216.13,,,,not stated,https://itati.com.br/produto/agua-sem-gas-20-l/,2026-09-14,brand_site,"resíduo de evaporação a 180 °C (calculado), mg/L",Also: Lítio 0.023; temperatura 24.6 °C; condutividade 325 µS/cm; Portaria de Lavra 833 de 09/06/82; Processo 801.887/78 DNPM.
Klarina,Água Mineral Natural Klarina,BR,still,,"Estrada Municipal João Friedrich, 1133, Roseira, Piedade, SP",natural mineral water,1.580,0.920,2.400,1.350,,,4.13,12.17,0.05,5.21,34.28,,,,not stated,https://www.aguaklarina.com/composicao-classificacao,2026-09-14,brand_site,"resíduo de evaporação a 180 °C (calculado), mg/L","Bicarbonate not printed on the composição page. Classificação: Água Mineral Fluoretada, Fracamente Radioativa na Fonte. Also: Fosfato 0.20, Manganês 0.076, Bário 0.056, Alumínio 0.036, Estrôncio 0.030, Brometo 0.02; temperatura 20.1 °C; condutividade 35.5 µS/cm; radioatividade 7.95 maches."
Legítima Lindóia,Legítima Lindóia,BR,still,Legítima Lindóia,"Alameda do Lago, 5, Parque das Fontes, Águas de Lindóia, SP",natural mineral water,7.320,4.230,2.290,2.330,47.80,0.93,1.00,2.59,0.05,6.36,66.41,,,,"Boletim nº 08/LAMIN/CPRM-SP, 05/05/2014",https://legitimalindoia.com.br/qualidade,2026-09-14,brand_site,"resíduo de evaporação a 180 °C (calculado), mg/L","Classificação: Água Mineral Fluoretada, Radioativa na Fonte. Also: Bário 0.136, Estrôncio 0.030; temperatura 21.0 °C; condutividade 80.1 µS/cm; radioatividade 11.41 maches."
Levíssima,Levíssima Água Mineral (Fonte Priscilla),BR,still,Fonte Priscilla,,natural mineral water,7.260,0.158,31.900,0.641,25.00,8.99,2.11,0.06,0.10,8.46,113.06,,,,"Boletim Nº 037R/LAMIN-SP, 03/05/2023",https://grupolevissima.com.br/produtos/,2026-09-14,brand_site,"resíduo de evaporação a 180 °C (calculado), mg/L","Classificação: Água Mineral Fluoretada. Also printed: Carbonato 33.69, Estrôncio 0.209, Bário 0.127; temperatura 24.8 °C; condutividade 179.9 µS/cm."
Levíssima,Água Mineral Sem Gás Levíssima pH+8 510ml (older label),BR,still,,,natural mineral water,13.400,0.249,23.900,0.709,84.28,11.42,3.11,0.74,0.09,8.42,115.34,,,,not stated,https://www.magaluempresas.com.br/agua-mineral-sem-gas-levissima-510ml-fardo-12unidades/p/bbh71jh6a5/me/agum,2026-09-14,label_photo_official,"resíduo de evaporação a 180 °C (calculado), mg/L","Retailer page reproducing an older label (differs from the 2023 boletim on the brand site). Classificação: Água Mineral Fluoretada, Litinada, Hipotermal na Fonte. Also: Bário 0.200, Estrôncio 0.266, Fosfato 0.04, Brometo 0.02; temperatura 25.0 °C; condutividade 206 µS/cm."
Lindoya Genuína,Água Mineral Lindoya Genuína,BR,still,,"Lindóia, SP",natural mineral water,6.920,1.970,9.020,3.000,48.07,0.16,2.29,7.48,0.01,6.45,99.10,,,,not stated,https://www.diskaguamineral.com.br/produtos-lindoya-genuina.html,2026-09-14,label_photo_official,"resíduo de evaporação a 180 °C (calculado), mg/L","Distributor page reproducing label. Also: Bário 0.052, Estrôncio 0.0452, Fosfato 0.04, Brometo 0.02; temperatura 22.7 °C; condutividade 101.5 µS/cm. Brand sites (genuina.com, lindoyagenuina.com.br) unreachable."
Lindoya Joia,Lindoya Joia (Fonte Esmeralda),BR,still,Fonte Esmeralda,"Lindóia, SP",natural mineral water,18.000,2.650,55.600,3.660,187.360,12.320,6.740,0.100,2.120,7.69,,,,,not stated,https://www.lindoyajoia.com.br/,2026-09-14,brand_site,"Bicarbonate printed as 'Bicarbonato NaHCO3 187,360' — may be expressed as sodium bicarbonate, not HCO3- ion; nitrate printed as 'Nitrato N 0.100'","Classificação: Água Mineral Alcalina. Also: Sílica SiO2 17.000, Estrôncio 0.143, Brometo 0.050."
Lindoya Verão,Lindoya Verão Speciali 300 ml sem gás,BR,still,,"Lindóia, SP",natural mineral water,17.300,7.210,11.500,2.900,94.55,2.39,9.26,10.43,0.06,6.70,154.01,,,,"Análise N° 056/LAMIN/CPRM-SP, 28/04/2016",https://www.oceanob2b.com/agua-mineral-sem-gas-lindoya-300ml-fd-12un-p1006620,2026-09-14,label_photo_official,"resíduo de evaporação a 180 °C (calculado), mg/L","B2B retailer page reproducing label. Classificação: Água Mineral Fluoretada, Fracamente Radioativa na Fonte. Also: Bário 0.098; temperatura 23.3 °C; condutividade 204 µS/cm; radioatividade 9.18 maches (same analysis on the 510 ml com gás listing p993282)."
Lindoya Verão,"Lindoya Verão Tradicional sem gás (retailer listing: Água Mineral Lindoya Sem Gás 1,5L)",BR,still,,"Av. Benedito Severino, 286, Parque das Águas Minerais, Lindóia, SP",natural mineral water,16.600,6.740,11.700,3.330,98.20,1.78,6.01,9.59,0.08,6.54,140.09,,,,not stated,https://www.adegazaidan.com.br/produtos/agua-mineral-lindoya-sem-gas-1500-ml/,2026-09-14,label_photo_official,"resíduo de evaporação a 180 °C (calculado), mg/L","Retailer page reproducing label. Brand attribution: retailer says only 'Lindoya'; the concessionaire address printed (Av. Benedito Severino 286) is Lindoiano Fontes de Águas Minerais = Lindoya Verão (CNPJ registry). Classificação: Água mineral fluoretada, fracamente radioativa na fonte. Also: Fosfato 0.13, Estrôncio 0.083, Bário 0.066; temperatura 24.1 °C; condutividade 195.6 µS/cm; radioatividade 8.11 maches. Brand site (lindoyaverao.com.br) publishes no numbers."
Meribá,Água Mineral Meribá (Fonte Líliam),BR,still,Fonte Líliam,,natural mineral water,3.600,1.130,2.320,2.470,20.27,,0.92,4.48,0.09,6.14,55.36,,,,"Análise 183/LAMIN/CPRM/02, 22/08/2014 (as printed)",https://meriba.com.br/composicao/,2026-09-14,brand_site,"resíduo de evaporação a 180 °C (calculado), mg/L","Classificação: Água Mineral Fluoretada. Also: Bário 0.069, Estrôncio 0.032, Fosfato 0.16; temperatura 24.2 °C; condutividade 46.8 µS/cm."
Meribá,Água Mineral Meribá (Fonte Míriam),BR,still,Fonte Míriam,,natural mineral water,4.450,1.010,2.640,2.670,25.98,,0.48,2.69,0.09,6.25,58.48,,,,"Análise 880/LAMIN/CPRM/02, 10/12/2002",https://meriba.com.br/composicao/,2026-09-14,brand_site,"resíduo de evaporação a 180 °C (calculado), mg/L","Classificação: Água Mineral Fluoretada. Also: Bário 0.068, Estrôncio 0.031, Fosfato 0.12; temperatura 23.7 °C; condutividade 52.1 µS/cm."
Minalba,"Água Mineral Natural sem Gás Minalba Garrafa 1,5l",BR,still,,"Campos do Jordão, SP (""fonte única"")",natural mineral water,15.4,8.26,1.0,0.952,89.33,,0.27,2.55,0.04,,,,,,not stated,"https://www.paodeacucar.com/produto/71969/agua-mineral-natural-sem-gas-minalba-garrafa-1,5l",2026-09-14,label_photo_official,,"Pão de Açúcar product page reproducing label composition (ions only). An older label transcribed on Open Food Facts (third party, https://br.openfoodfacts.org/produto/7896065880069) shows Bicarbonato 110.78, Cálcio 16.800, Magnésio 11.100, Potássio 1.240, Sódio 1.210, Nitrato 0.77, Sulfato 0.13, Cloreto 0.11, Fluoreto 0.05. Minalba Premium is the same water (brand site)."
Nestlé Pureza Vital,Água Mineral Natural sem Gás Nestlé Pureza Vital 510ml,BR,still,,,natural mineral water,31.00,16.50,4.18,3.99,169.14,1.11,10.85,5.15,0.11,,,,,,not stated,https://www.mundialdelivery.com/p/Agua-Mineral-Natural-sem-Gas-Nestle-Pureza-Vital-Garrafa-510ml,2026-09-14,label_photo_official,,Retailer page reproducing label (ions only); fonte not named. Nestlé Pureza Vital is bottled from several fontes across Brazil and labels differ widely (see next row). Brand site nestlepurezavital.com.br returns 403.
Nestlé Pureza Vital,Água Mineral Nestlé Pureza Vital (fonte de Santa Bárbara),BR,still,Santa Bárbara,,natural mineral water,1.561,0.437,1.755,0.737,7.57,0.70,1.82,1.20,0.01,5.60,25.22,,,,not stated,http://www.caite.com.br/jan/prod/aMineral/amNestle.php,2026-09-14,label_photo_official,"resíduo de evaporação a 180 °C (calculado), mg/L",Water distributor page reproducing label ('Proveniente da fonte de Santa Bárbara'). Also: temperatura 19.0 °C; condutividade 27 µS/cm; radioatividade 14.10 maches.
Ouro Fino,"Água Mineral Ouro Fino 1,5L sem gás",BR,still,,"Campo Largo, PR",natural mineral water,28.773,17.265,0.995,0.700,172.72,1.11,0.74,2.63,0.04,7.88,150.70,,,,not stated,https://www.aguasourofino.com.br/ouro-fino/agua-mineral-1-5l-sem-gas,2026-09-14,brand_site,"resíduo de evaporação a 180 °C (calculado), mg/L",Also: Silício total 5.620; temperatura 19.1 °C; condutividade 268 µS/cm. Fonte name and analysis number not printed on the product page.
Passa Quatro,Água Mineral Passa Quatro 10 e 20 Litros (ficha técnica),BR,still,,"Passa Quatro, MG (Mineração Água Padre Manoel Ltda)",natural mineral water,5.336,1.720,10.337,2.760,42.96,7.78,1.52,,0.20,6.05,76.06,,,,"Boletim 813/LAMIN/2012, 04/09/2012",https://www.aguapassaquatro.com.br/downloads/ficha-tecnica-agua-passaquatro-10-20-lt.pdf,2026-09-14,brand_site,"Ficha prints 'Resíduo de evaporação 76,06 mg/l' without stating temperature",Classificação: Água mineral fluoretada e radioativa na fonte; 'Composição química provável'. Radioatividade 14.40 maches; condutividade 87.5 µS/cm. Same values on https://www.aguapassaquatro.com.br/produtos-agua-passa-quatro.php
Prata,Água Mineral Natural Prata Pilfer Vidro 300ml,BR,still,Sítio Prata,"Rua Antônio Zurita Filho, 520, Águas da Prata, SP (Águas Prata Ltda.)",natural mineral water,5.960,3.830,2.900,2.920,37.95,4.89,1.05,1.69,0.28,6.86,60.30,,,,"Boletim nº 250R/LAMIN-SP, 10/05/2024",https://www.adegaonline.com.br/products/agua-mineral-natural-prata-pilfer-vidro-300ml,2026-09-14,label_photo_official,"resíduo de evaporação a 180 °C (calculado), mg/L","Retailer page reproducing full label. Classificação: Água Mineral Fluoretada, Radioativa na Fonte. Also: Fosfato 0.54, Estrôncio 0.093, Bário 0.031, Brometo 0.01; temperatura 22.5 °C; condutividade 113.5 µS/cm; radioatividade 15.86 maches; Processo ANM 48402.922255/2008-94. Brand domain aguaprata.com.br is a parked domain."
Santo Anjo,Água Santo Anjo,BR,still,,,natural mineral water,14.63,1.15,58.20,0.65,101.90,18.90,40.41,,0.22,8.25,,,,,not stated,https://nascenteaguamineral.com.br/composicao-da-agua/,2026-09-14,label_photo_official,,"Water distributor (Nascente, RS) page reproducing label. Also: Carbonatos 3.00, Estrôncio 0.116, Lítio 0.01, Silício 8.34."
Sarandi,Água Sarandí,BR,still,,"RS 569, Km 30 (Fonte Sarandi, RS)",natural mineral water,2.00,,71.00,6.00,89.01,51.86,0.83,,1.19,9.35,,,,,not stated,https://nascenteaguamineral.com.br/composicao-da-agua/,2026-09-14,label_photo_official,,"Water distributor (Nascente) page reproducing label; Mg not printed. Also: Carbonato 21.54, Bário 0.01. Brand site fontesarandi.com.br publishes no numbers."
Serra Catarinense,Água Mineral Serra Catarinense 20L sem gás,BR,still,Fonte Recanto das Águas,"Brunópolis, SC, BR-470, km 272",natural mineral water,,,,,,,,,,7.64,120.99,,,,"Análise 521/LAMIN/2015, 23/09/2015",https://aguaserracatarinense.com.br/nossa-agua/,2026-09-14,brand_site,"resíduo de evaporação a 180 °C (calculado), mg/L","Ion table is an image (TABELA-AGUA.jpg) not transcribed on the page; only pH, temperatura 20.1 °C, condutividade 157.9 µS/cm and resíduo are in text. Classificação: Água Mineral Fluoretada."
Serra dos Órgãos,Água Mineral Serra dos Órgãos,BR,still,,"Estrada Leonídia Martins dos Santos, 522, Guapimirim, RJ",natural mineral water,3.169,1.680,5.298,1.386,14.91,3.17,6.22,4.78,0.05,6.04,48.35,,,,"Boletim 144/LAMIN/2023, 06/06/2023",https://serradosorgaos.com.br/agua-mineral-serra-dos-orgaos/,2026-09-14,brand_site,"resíduo de evaporação a 180 °C (calculado), mg/L","Also: Silício total 6.995, Bário 0.052, Estrôncio 0.029, Brometo 0.03; temperatura 24.5 °C; condutividade 62.4 µS/cm; radioatividade 7.05 maches."
Serra Negra,Serra Negra Água Mineral Natural,BR,still,,"Serra Negra, SP",natural mineral water,33.600,3.410,16.700,2.980,132.06,3.32,6.10,20.91,0.42,7.49,192.06,,,,"Análise 007/LAMIN/CPRM-SP, 18/06/2020",https://www.serranegraaguamineral.com.br/,2026-09-14,brand_site,"resíduo de evaporação a 180 °C (calculado), mg/L","Classificação: Água Mineral Fluoretada Litinada Radioativa na Fonte. Also: Lítio 0.038, Estrôncio 0.092, Fosfato 0.09, Brometo 0.06; temperatura 24.3 °C; condutividade 246 µS/cm; radioatividade 16.85 maches."
Sferriê,Água Mineral Natural Sferriê,BR,still,Fonte Novo Sobradinho,"Toledo, PR (captação a 230 m, Aquífero Guarani)",natural mineral water,1.25,0.09,75.81,,,,,,,10.0,,,,,not stated,https://drinkcoffee.com.br/melhor-agua-mineral/,2026-09-14,third_party,,"Third-party review page; brand site (https://www.sferrie.com.br/sobre) confirms pH 10, fonte Novo Sobradinho, Vanádio 0.282 mg/L but publishes no other ions. Unverified fuller transcription reported in search snippet from sumareaguas.com.br (site unreachable): Bicarbonato 78.43, Carbonato 61.19, Potássio 0.21, Fluoreto 0.33, Sulfato 0.28, Nitrato 0.5, Cloreto 0.42, resíduo 180 °C 220.17."
São Lourenço,Água Mineral São Lourenço 300 ml (Fonte Oriente),BR,still,Fonte Oriente,"São Lourenço, MG",natural mineral water,36,16,38,,361,,,,,5.63,,,,,not stated,https://drinkcoffee.com.br/melhor-agua-mineral/,2026-09-14,third_party,Values on this third-party page are rounded,"Third-party review page. Brand pages (minalbabrasil.com.br) publish no numbers; retailer pages (bigboxdelivery, superjose, apoioentrega) are 403/404/JavaScript-only. Unverified search snippet from a retailer listing (sem gás): Bicarbonato 361.79, Sódio 38.839, Potássio 41.934, Cálcio 36.934, Magnésio 16.657."
Timbu,Água Mineral Timbu,BR,still,Fonte Timbu,"Almirante Tamandaré, PR",natural mineral water,35.301,22.179,1.131,,214.38,,1.61,,,7.36,,,,,not stated,https://www.aguatimbu.com.br/a-agua-timbu/,2026-09-14,brand_site,,"Brand page prints only Ca, Mg, Na, Cl, HCO3, pH. Retailer label transcription (https://www.essenza.com.br/agua-mineral-sem-gas-timbu-500ml) adds Sulfato 0.27, Potássio 0.538, Nitrato 5.34, Zinco 0.022 for the same set. Brand homepage shows a different (newer?) set: pH 7.64, Cálcio 44.682, Magnésio 27.895, Bicarbonato 271.52, Sódio 1.986, Cloreto 2.20 (no date). Aquífero Karst."
Vida Leve,Água Vida Leve,BR,still,,,natural mineral water,24.99,19.15,14.81,6.31,190.61,6.00,13.02,0.10,1.26,7.03,,,,,not stated,https://nascenteaguamineral.com.br/composicao-da-agua/,2026-09-14,label_photo_official,,"Water distributor (Nascente, RS) page reproducing label. Also: Zinco 0.004, Lítio 0.028, Estrôncio 0.112."
Água da Pedra,"Água da Pedra 1,5 L sem gás",BR,still,Fonte das Ametistas,"Rodovia BR 386, Km 346, Lajeado, RS",natural mineral water,25.18,4.44,23.02,1.09,122.83,,8.47,,0.11,7.2,187.64,,,,"Boletim nº 822/LAMIN/08, 15/09/2008 (CPRM)",https://aguasaudaveldistribuidora.com.br/Produto.aspx?idProduto=55544,2026-09-14,label_photo_official,"resíduo de evaporação a 180 °C (calculado), mg/L","Distributor page reproducing full label. Classificação: Água Mineral Fluoretada. Also: Silício 30.17, Zinco 0.02; temperatura 21.6 °C; condutividade 280 µS/cm; Portaria de Lavra nº 13 de 03/01/2001; Processo 810.434/96-DNPM. Same ions on https://nascenteaguamineral.com.br/composicao-da-agua/"
Água Mineral São Pedro,Água Mineral São Pedro (Fonte Linda),BR,still,Fonte Linda,"Estância Turística de São Pedro, SP",natural mineral water,11.500,4.920,3.790,1.340,60.74,2.13,1.57,5.54,0.11,6.57,105.62,,,,not stated,https://www.aguamineralsaopedro.com.br/,2026-09-14,brand_site,"resíduo de evaporação a 180 °C (calculado), mg/L","Classificação: Água Mineral Fluoretada. Also: Bário 0.082, Estrôncio 0.103, Fosfato 0.09, Brometo 0.01; temperatura 21.3 °C; condutividade 122 µS/cm."
Acqua Panna (US),Acqua Panna Natural Spring Water,US,still,Panna Spring,"Scarperia (Florence), Italy",spring water,32,6.7,7,0.89,,20,7.9,0.52,0.05,8.1,,140,"Alkalinity, Total as CaCO3: 92",Total Hardness (as CaCO3): 110,2025 Acqua Panna Water Analysis Report (published April 2026),https://www.acquapanna.com/us/sites/g/files/xknfdk971/files/2026-04/AcquaPanna_EN_2025_April_6_2026.pdf,2026-09-14,brand_site,"Nitrate as N; alkalinity as CaCO3; hardness as CaCO3; bicarbonate not printed. US SB 220-style report, not the Italian label.","2023 report (same site) gave Ca 33.1, Mg 6.6, Na 6.5, K ND, alk 90, SO4 20.8, Cl 8.3, pH 7.66, TDS 138."
Alhambra,Alhambra Spring Water,US,still,Springs (not named; DS Services regional sources),Regional US springs (not named),spring water,,,,,,ND – 11.1,0.75 – 6.4,ND,ND,6.0 – 8.5,,13 - 198,,,DS Services spring water quality report dated 02/24/17 (file 'spring-water-quality-report-22417'),https://a-us.storyblok.com/f/1021132/x/a3bd9aaca0/spring-water-quality-report-22417.pdf,2026-09-14,brand_site,"DS Services 'Water Quality Report – Typical Analysis, Table 5: Spring' (2017), mg/L; ranges printed with en dash. Calcium, magnesium, sodium, potassium, alkalinity, hardness NOT printed. Nitrate 'Nitrate-N'.","One generic report covers all DS Services/Primo regional brands (Alhambra, Belmont Springs, Crystal Springs, Deep Rock, Hinckley Springs, Kentwood Springs, Mount Olympus, Sierra Springs, Sparkletts). Linked today from water.com/about/primo-water-quality/; brand sites (sparkletts.com etc.) return 403. Purified report (022417): TDS 5, pH 6.0; purified with minerals: TDS 22, pH 6.28."
Aquafina,Aquafina Purified Water,US,still,Municipal water supplies (per-plant list in report),Multiple US plants,purified,,,,,,ND-0.49,ND-0.65,ND-0.05,ND,,,ND,,,2025 CA Water Quality Report (updated to website June 2025),https://contact.pepsico.com/files/aquafina/documents/1758118955/Aquafina%202025%20CA%20Water%20Quality%20Report%20-%20English.pdf,2026-09-14,brand_site,"Nitrate printed as 'Nitrogen (as Nitrate)'; TDS MRL 10 mg/L. Calcium, magnesium, sodium, potassium, alkalinity, pH not printed.",Report lists only regulated parameters; purified by reverse osmosis so most values are ND.
Arrowhead,Arrowhead Drinking Water w/Fluoride (purified),US,still,Public Water Supply or On-Site Well,not specified,purified,3.9,2,4.7,ND,,8.2,6.8,ND,0.55,7.2,,35,"Alkalinity, Total as CaCO3: 9.8",Total Hardness (as CaCO3): 18,2025 Water Analysis Report,https://a-us.storyblok.com/f/1021132/x/38d349ec2f/arrowhead_wqr_2025_en.pdf,2026-09-14,brand_site,"Primo Brands/BlueTriton 'Water Analysis Report' table. Ranges are printed as 'low - high' and are the range across sources/samples; nitrate printed as 'Nitrate as N'; alkalinity printed as 'Alkalinity, Total as CaCO3'; hardness printed as 'Total Hardness (as CaCO3)'; bicarbonate not printed.",Fluoride is added to this product.
Arrowhead,Arrowhead Mountain Spring Water,US,still,Southern Pacific Springs; Arrowhead Spring; Long Point Ranch Springs; Palomar Mountain Granite Springs; Deer Canyon Springs; Coyote Springs; Sugar Pine Springs; Hope Springs; Ruby Mountain Springs; Lukens Spring; Baxter Source; Sopiago Springs (and others),"Riverside County, CA; San Bernardino County, CA; and other CA/CO/BC locations",spring water,3.4 - 52,1.2 - 20,2.3 - 15,0.54 -3,,0.58 - 27,0.54 - 6.7,ND - 0.8,ND - 1.1,6.9 - 8.1,,31 - 240,"Alkalinity, Total as CaCO3: 18 - 200",Total Hardness (as CaCO3): 14 - 210,2025 Water Analysis Report,https://a-us.storyblok.com/f/1021132/x/38d349ec2f/arrowhead_wqr_2025_en.pdf,2026-09-14,brand_site,"Primo Brands/BlueTriton 'Water Analysis Report' table. Ranges are printed as 'low - high' and are the range across sources/samples; nitrate printed as 'Nitrate as N'; alkalinity printed as 'Alkalinity, Total as CaCO3'; hardness printed as 'Total Hardness (as CaCO3)'; bicarbonate not printed.",PDF linked from arrowheadwater.com (site returns 403 to plain fetches).
Core Hydration,CORE Hydration Perfectly Balanced Water,US,still,not stated,"United States (Core Hydration, El Segundo CA)",purified,5,32,,11,,ND,14,ND,ND,7.4,,78,,,"undated 'Bottled Water Report' (Core Hydration, pre-Keurig Dr Pepper contact details)",https://images-na.ssl-images-amazon.com/images/I/61hgA2sA7SS.pdf,2026-09-14,label_photo_official,"'Electrolytes' section lists Magnesium 32, Calcium 5, Potassium 11 (mg/L); nitrate printed 'Nitrate-N'. Sodium not printed.",Official Core bottled water report as reproduced on the Amazon product listing; hydratewithcore.com has no report page (only 'approximately 7.4 pH'). Remineralised purified water.
Crystal Geyser,Crystal Geyser Alpine Spring Water (bottled at Beaughan Spring),US,still,Beaughan Spring,"Weed (Mount Shasta), California",spring water,5.9,5.2,11,1.2,56,1.9,0.82,0.12,0.28,7.4,,100,Alkalinity: 56,"Hardness, Total: 36",Analysis Report 2026,https://www.crystalgeyserplease.com/_files/ugd/700b27_e19647699a7f4323a36e0681e4fcff65.pdf,2026-09-14,brand_site,"CG Roxane 'Bottled Water Report' finished-product table, mg/L. Nitrate printed as 'Nitrogen, Nitrate'. Alkalinity and Bicarbonate printed as separate rows (same number); hardness printed as 'Hardness, Total'.",Mount Shasta report; first table (Beaughan Spring). One report per bottling plant; the same product name is used at all plants. PDF list from crystalgeyserplease.com/contact.
Crystal Geyser,"Crystal Geyser Alpine Spring Water (bottled at Benton, TN spring)",US,still,"Benton, TN spring","Benton, Tennessee",spring water,38,4.4,2.5,1.1,100,3.4,2.5,1.1,ND,7.8,,120,Alkalinity: 100,"Hardness, Total: 110",Analysis Report 2026,https://www.crystalgeyserplease.com/_files/ugd/700b27_2f190582797d498986c76605b024018d.pdf,2026-09-14,brand_site,"CG Roxane 'Bottled Water Report' finished-product table, mg/L. Nitrate printed as 'Nitrogen, Nitrate'. Alkalinity and Bicarbonate printed as separate rows (same number); hardness printed as 'Hardness, Total'.",One report per bottling plant; the same product name is used at all plants. PDF list from crystalgeyserplease.com/contact.
Crystal Geyser,Crystal Geyser Alpine Spring Water (bottled at Cabin Bar Spring),US,still,Cabin Bar Spring,"Olancha, California",spring water,15,1.9,15,1.6,63,7.9,1.1,0.13,0.76,7.9,,110,Alkalinity: 63,"Hardness, Total: 44",Analysis Report 2026,https://www.crystalgeyserplease.com/_files/ugd/700b27_7bed06b6606f4a2f938ecb5faa106d90.pdf,2026-09-14,brand_site,"CG Roxane 'Bottled Water Report' finished-product table, mg/L. Nitrate printed as 'Nitrogen, Nitrate'. Alkalinity and Bicarbonate printed as separate rows (same number); hardness printed as 'Hardness, Total'.",Olancha report; second table (Cabin Bar Spring Water). One report per bottling plant; the same product name is used at all plants. PDF list from crystalgeyserplease.com/contact.
Crystal Geyser,"Crystal Geyser Alpine Spring Water (bottled at Johnstown, NY spring)",US,still,"Johnstown, NY spring","Johnstown, New York",spring water,52,11,14,0.77,140,12,33,ND,0.064,8.0,,230,Alkalinity: 140,"Hardness, Total: 170",Analysis Report 2026,https://www.crystalgeyserplease.com/_files/ugd/700b27_5398bef9508841e9b7e282e01de50b85.pdf,2026-09-14,brand_site,"CG Roxane 'Bottled Water Report' finished-product table, mg/L. Nitrate printed as 'Nitrogen, Nitrate'. Alkalinity and Bicarbonate printed as separate rows (same number); hardness printed as 'Hardness, Total'.",One report per bottling plant; the same product name is used at all plants. PDF list from crystalgeyserplease.com/contact.
Crystal Geyser,Crystal Geyser Alpine Spring Water (bottled at Mazzei Spring),US,still,Mazzei Spring,"Weed (Mount Shasta), California",spring water,6.1,2.8,9.4,1.5,45,0.62,0.52,0.35,0.14,7.2,,92,Alkalinity: 45,"Hardness, Total: 26",Analysis Report 2026,https://www.crystalgeyserplease.com/_files/ugd/700b27_e19647699a7f4323a36e0681e4fcff65.pdf,2026-09-14,brand_site,"CG Roxane 'Bottled Water Report' finished-product table, mg/L. Nitrate printed as 'Nitrogen, Nitrate'. Alkalinity and Bicarbonate printed as separate rows (same number); hardness printed as 'Hardness, Total'.","Mount Shasta report; second table (Mazzei Spring Water, Weed CA). One report per bottling plant; the same product name is used at all plants. PDF list from crystalgeyserplease.com/contact."
Crystal Geyser,"Crystal Geyser Alpine Spring Water (bottled at Moultonborough, NH spring)",US,still,"Moultonborough, NH spring","Moultonborough, New Hampshire",spring water,2.0,0.30,1.5,0.37,6.7,2.7,0.66,0.23,0.14,6.6,,21,Alkalinity: 5.0,"Hardness, Total: 6.2",Analysis Report 2026,https://www.crystalgeyserplease.com/_files/ugd/700b27_09b4fdc0036b4d55bc6c1c2ec776d9aa.pdf,2026-09-14,brand_site,"CG Roxane 'Bottled Water Report' finished-product table, mg/L. Nitrate printed as 'Nitrogen, Nitrate'. Alkalinity and Bicarbonate printed as separate rows (same number); hardness printed as 'Hardness, Total'.",One report per bottling plant; the same product name is used at all plants. PDF list from crystalgeyserplease.com/contact.
Crystal Geyser,"Crystal Geyser Alpine Spring Water (bottled at Norman, AR spring)",US,still,"Norman, AR spring","Norman, Arkansas",spring water,32,1.2,0.80,0.28,82,5.1,1.3,ND,0.12,7.6,,110,Alkalinity: 82,"Hardness, Total: 85",Analysis Report 2026,https://www.crystalgeyserplease.com/_files/ugd/700b27_f692dbe278e14847a70273e6eb863659.pdf,2026-09-14,brand_site,"CG Roxane 'Bottled Water Report' finished-product table, mg/L. Nitrate printed as 'Nitrogen, Nitrate'. Alkalinity and Bicarbonate printed as separate rows (same number); hardness printed as 'Hardness, Total'.",One report per bottling plant; the same product name is used at all plants. PDF list from crystalgeyserplease.com/contact.
Crystal Geyser,Crystal Geyser Alpine Spring Water (bottled at Olancha Spring),US,still,Olancha Spring,"Olancha, California",spring water,20,2.1,17,1.9,65,24,3.2,0.32,0.53,6.8,,160,Alkalinity: 65,"Hardness, Total: 57",Analysis Report 2026,https://www.crystalgeyserplease.com/_files/ugd/700b27_7bed06b6606f4a2f938ecb5faa106d90.pdf,2026-09-14,brand_site,"CG Roxane 'Bottled Water Report' finished-product table, mg/L. Nitrate printed as 'Nitrogen, Nitrate'. Alkalinity and Bicarbonate printed as separate rows (same number); hardness printed as 'Hardness, Total'.",Olancha report; first table (Olancha Spring Water). One report per bottling plant; the same product name is used at all plants. PDF list from crystalgeyserplease.com/contact.
Crystal Geyser,"Crystal Geyser Alpine Spring Water (bottled at Salem, SC spring)",US,still,"Salem, SC spring","Salem, South Carolina",spring water,7.5,0.37,3.5,1.2,22,7.6,0.67,ND,0.22,7.3,,53,Alcalinidad: 22,Dureza total: 20,Analysis Report 2026,https://www.crystalgeyserplease.com/_files/ugd/700b27_415cf3a752bc450fb9586f00790bffb1.pdf,2026-09-14,brand_site,"CG Roxane 'Bottled Water Report' finished-product table, mg/L. Nitrate printed as 'Nitrogen, Nitrate'. Alkalinity and Bicarbonate printed as separate rows (same number); hardness printed as 'Hardness, Total'.",English PDF for Salem returns Wix 404; values taken from the Spanish edition of the same 2026 report (Informe de análisis 2026). One report per bottling plant; the same product name is used at all plants. PDF list from crystalgeyserplease.com/contact.
Crystal Springs,Crystal Springs Spring Water,US,still,Springs (not named; DS Services regional sources),Regional US springs (not named),spring water,,,,,,ND – 11.1,0.75 – 6.4,ND,ND,6.0 – 8.5,,13 - 198,,,DS Services spring water quality report dated 02/24/17 (file 'spring-water-quality-report-22417'),https://a-us.storyblok.com/f/1021132/x/a3bd9aaca0/spring-water-quality-report-22417.pdf,2026-09-14,brand_site,"DS Services 'Water Quality Report – Typical Analysis, Table 5: Spring' (2017), mg/L; ranges printed with en dash. Calcium, magnesium, sodium, potassium, alkalinity, hardness NOT printed. Nitrate 'Nitrate-N'.","One generic report covers all DS Services/Primo regional brands (Alhambra, Belmont Springs, Crystal Springs, Deep Rock, Hinckley Springs, Kentwood Springs, Mount Olympus, Sierra Springs, Sparkletts). Linked today from water.com/about/primo-water-quality/; brand sites (sparkletts.com etc.) return 403. Purified report (022417): TDS 5, pH 6.0; purified with minerals: TDS 22, pH 6.28."
Dasani,DASANI Purified Water,US,still,Municipal water systems (some plants protected groundwater),Multiple US plants,purified,,,,,,,,ND,ND,,,,,,2025 DASANI Purified Water Annual Analysis,https://www.coca-cola.com/content/dam/onexp/us/en/media-center/dasani-water-quality-report/DASANI%20Purified%20Water%20Annual%20Analysis%202025.pdf,2026-09-14,brand_site,"Nitrate printed as 'NITRATE (as N)'. Chloride, sulfate and TDS are printed as the word 'PASS' (no number); Ca/Mg/Na/K/pH not printed.",Remineralised with magnesium sulfate and potassium chloride (stated in report). No mineral concentrations published.
Deer Park,Deer Park Natural Spring Water,US,still,Frontier Spring (primary) and other springs listed in report,"New Tripoli, PA (primary); also PA, MD, FL, ME, SC, TN, NC springs",spring water,ND - 68,0.19 - 9.8,0.86 - 8.8,ND - 1.1,,ND - 86,1.2 - 17,ND - 2.1,ND - 0.16,4.8 -8.3,,ND - 240,"Alkalinity, Total as CaCO3: ND - 160",Total Hardness (as CaCO3): ND - 190,2025 Water Analysis Report,https://a-us.storyblok.com/f/1021132/x/14b073586a/deerpark_wqr_2025_en.pdf,2026-09-14,brand_site,"Primo Brands/BlueTriton 'Water Analysis Report' table. Ranges are printed as 'low - high' and are the range across sources/samples; nitrate printed as 'Nitrate as N'; alkalinity printed as 'Alkalinity, Total as CaCO3'; hardness printed as 'Total Hardness (as CaCO3)'; bicarbonate not printed.",PDF linked from deerparkwater.com footer (site blocks plain fetches; needed browser headers). Sparkling column not recorded.
Essentia,Essentia Ionized Alkaline Water 9.5 pH,US,still,"Municipal/local supply, purified by reverse osmosis",Multiple US bottlers,purified,ND,1.42,15.0,7.30,33.55,3.17,ND,0.009,ND,9.92,,61.33,Alkalinity in CACO3 Units: 42.83 mg/L,Total Hardness: 5.88 mg/L CaCO3,Essentia Water Analysis Report 2025 (file dated April 28 2026),https://essentiawater.com/wp-content/uploads/2026/08/Essentia-EN-2025-April-28-2026-update.pdf,2026-09-14,brand_site,Bicarbonate printed as 'Bicarb Alkalinity as HCO3 33.55 mg/L HCO3'; nitrate printed as 'Nitrate as Nitrogen'.,"Remineralised (electrolytes added). 2024 report: pH 9.68, TDS 67.33, Na 15.16, K 7.23, Mg 1.36, bicarb 28."
Eternal,"Eternal Naturally Alkaline Spring Water (Mt. Shasta, CA source)",US,still,Shasta Spring Source (McClellan Bottling),"Mt. Shasta / Redding area, California",spring water,7.0,3.5,5.9,2.0,43,0.49,2.1,0.14,0.054,7.6,,97,Alkalinity: 43,"Hardness, Total: 32 (Hardness, Calcium: 17)",2026 Bottled Water Quality Report,https://cdn.shopify.com/s/files/1/0012/5144/2766/files/McClellanBottling_2026_WaterQualityReport_Eng_Span.pdf?v=1784739909,2026-09-14,brand_site,"Compliance Designs report, mg/L; nitrate printed 'Nitrate – N'; Alkalinity and Bicarbonate printed as separate rows (same number); 'Hardness, Total' also printed.",Embedded on eternalwater.com/pages/2025-mtshastacawaterqualityreport (PDF URL only visible in a browser).
Eternal,"Eternal Naturally Alkaline Spring Water (Smoky Mountain, TN source)",US,still,Proffit Spring Source (Newport Springs Bottling),"Great Smoky Mountains, Tennessee",spring water,19,11,0.60,1.5,86,6.1,ND,0.15,0.054,8.0,,100,Alkalinity: 86,"Hardness, Total: 94 (Hardness, Calcium: 49)",2026 Bottled Water Quality Report,https://cdn.shopify.com/s/files/1/0012/5144/2766/files/NewportSpringsBottling_2026_WaterQualityReport_Eng_Span.pdf?v=1784739909,2026-09-14,brand_site,"Compliance Designs report, mg/L; nitrate printed 'Nitrate – N'; Alkalinity and Bicarbonate printed as separate rows (same number); 'Hardness, Total' also printed.",Embedded on eternalwater.com/pages/2025-smokymountaintnwaterqualityreport.
Evian (US),evian Natural Spring Water,US,still,Cachat Spring,"Évian-les-Bains, French Alps, France",spring water,80,26,,1,360,14,10,,,7.2,345,,,,evian.com/en_us 'Water Attributes' page (undated); NSF report dated 20-FEB-2025,https://www.evian.com/en_us/what-is-spring-water/water-attributes/,2026-09-14,brand_site,Page prints 'Total dissolved solids 345ppm (mg/L) at 180°C' -> recorded as dry residue at 180 °C. Silica 15 mg/L also printed. Sodium and nitrate not printed on the page.,"US NSF Annual Water Quality Report 2025 (https://s3.us-east-1.amazonaws.com/DigitalVideos/noram/waters/evian/Evian-AWQR-English-2025.pdf) gives finished-product: Ca 81, Mg 26, Na 7.1, K 1.1, Cl 11, SO4 13, nitrate-N 0.88, F ND, pH 7.95, TDS 340 mg/L, Alkalinity 290 mg CaCO3/L, 'Bicarbonate 283.3 mg CaCO3/L' (as CaCO3, not HCO3), Hardness 310 mg CaCO3/L."
Fiji,FIJI Natural Artesian Water,US,still,"Artesian aquifer, Yaqara Valley","Viti Levu, Fiji Islands",artesian,18,14,17,4.8,126.4,0.5,9,0.25,0.2,7.91,,210,Total Alkalinity: 130 mg/L (Table 2: 'Alkalinity in CaCO3 units 130'),,Report Date: March 2026 (Sampling Period: February 2026),https://cdn.shopify.com/s/files/1/0051/7262/5477/files/2026_CA_Water_Quality_Report_English_-_FINAL_-_3.30.2026.pdf?v=1774914850,2026-09-14,brand_site,Table 1 'Typical Mineral Analysis' in mg/L; potassium and nitrate (printed 'Nitrate-N 0.25') from Table 2 product analysis. Silica 86 mg/L also printed.,Source name 'Yaqara Valley' is not printed in this report (report says 'bottled at the source in Viti Levu'); left as commonly labelled. Linked from fijiwater.com footer 'Water Quality Report'.
Hawaiian Springs,Hawaiian Springs Natural Artesian Water,US,still,Deep artesian aquifer at the base of Mauna Loa,Big Island of Hawaiʻi,artesian,6,3,,2,,,,,,7.7 or higher,,84,,,"brand FAQ text on homepage (undated, retrieved 2026-09-14)",https://www.hawaiianspringswater.com/,2026-09-14,brand_site,"Values quoted in FAQ prose: 'Silica (37 mg/L)... Calcium (6 mg/L), Magnesium (3 mg/L), and Potassium (2 mg/L)'; 'TDS of 84 mg/L'; 'typical pH of 7.7 or higher'.",No water quality report PDF found on the site. Older hawaiiansprings.com domain is dead.
Hinckley Springs,Hinckley Springs Spring Water,US,still,Springs (not named; DS Services regional sources),Regional US springs (not named),spring water,,,,,,ND – 11.1,0.75 – 6.4,ND,ND,6.0 – 8.5,,13 - 198,,,DS Services spring water quality report dated 02/24/17 (file 'spring-water-quality-report-22417'),https://a-us.storyblok.com/f/1021132/x/a3bd9aaca0/spring-water-quality-report-22417.pdf,2026-09-14,brand_site,"DS Services 'Water Quality Report – Typical Analysis, Table 5: Spring' (2017), mg/L; ranges printed with en dash. Calcium, magnesium, sodium, potassium, alkalinity, hardness NOT printed. Nitrate 'Nitrate-N'.","One generic report covers all DS Services/Primo regional brands (Alhambra, Belmont Springs, Crystal Springs, Deep Rock, Hinckley Springs, Kentwood Springs, Mount Olympus, Sierra Springs, Sparkletts). Linked today from water.com/about/primo-water-quality/; brand sites (sparkletts.com etc.) return 403. Purified report (022417): TDS 5, pH 6.0; purified with minerals: TDS 22, pH 6.28."
Ice Mountain,Ice Mountain Drinking Water (purified),US,still,Public Water Supply or On-Site Well,not specified,purified,0.13,ND,0.44,ND,,ND,ND,ND,ND,6.2,,ND,"Alkalinity, Total as CaCO3: ND",Total Hardness (as CaCO3): ND,2025 Water Analysis Report,https://a-us.storyblok.com/f/1021132/x/2f82f22dba/icemountain_wqr_2025_en.pdf,2026-09-14,brand_site,"Primo Brands/BlueTriton 'Water Analysis Report' table. Ranges are printed as 'low - high' and are the range across sources/samples; nitrate printed as 'Nitrate as N'; alkalinity printed as 'Alkalinity, Total as CaCO3'; hardness printed as 'Total Hardness (as CaCO3)'; bicarbonate not printed.","'Ice Mountain Drinking Water' column; treatment listed as reverse osmosis + mineral injection. A 'Drinking Water with Fluoride' column exists too (F 0.54, Ca 0.12, Na 1)."
Ice Mountain,Ice Mountain Natural Spring Water,US,still,Sanctuary Springs; Evart Springs; White Pine Springs (primary) and other springs listed,"Rodney, MI; Evart, MI (primary); also PA, MD, CO, IN, OH springs",spring water,6.4 - 84,1.3 - 26,2.2 - 13,0.38 - 1.9,,3.4 - 34,2.6 - 16,ND - 3.7,ND - 0.58,6 - 8.4,,53 - 330,"Alkalinity, Total as CaCO3: 8.7 - 290",Total Hardness (as CaCO3): 21 - 310,2025 Water Analysis Report,https://a-us.storyblok.com/f/1021132/x/2f82f22dba/icemountain_wqr_2025_en.pdf,2026-09-14,brand_site,"Primo Brands/BlueTriton 'Water Analysis Report' table. Ranges are printed as 'low - high' and are the range across sources/samples; nitrate printed as 'Nitrate as N'; alkalinity printed as 'Alkalinity, Total as CaCO3'; hardness printed as 'Total Hardness (as CaCO3)'; bicarbonate not printed.",Very wide ranges because many springs are pooled in one column.
Icelandic Glacial,Icelandic Glacial Natural Spring Water,US,still,Ölfus Spring,"Ölfus, southwest Iceland",spring water,5.5,2.2,11,0.7,,3.3,12,0.02,ND,8.49,,72,Alkalinity as CaCO3: 29 mg CaCO3/L; 'Bicarbonate 28.21 mg CaCO3/L',"Hardness, Total: 23 mg CaCO3/L","NSF test report, sampled 01/26/2026, final report 27-FEB-2026",https://cdn.shopify.com/s/files/1/0289/0132/files/COA_USFDA_50_STATE_Source_2026.pdf,2026-09-14,brand_site,"NSF report expresses bicarbonate in mg CaCO3/L (not mg/L HCO3) so it is kept in alkalinity_as_printed. Nitrate printed 'Nitrogen, Nitrate ... mg/L N'.","Report is on the SOURCE spring water ('Source Spring Water'), linked from icelandicglacial.com/pages/our-water. Brand FAQ states TDS 62 ppm and pH 8.4."
JUST Water,JUST Water Spring Water,US,still,Glens Falls Watershed,"Glens Falls, Warren County, NY",spring water,17.4,4.00,3.6,ND,,9.4,2.4,ND,0.19,7.78,,81,Alkalinity in CaCO3 units: 56.8,Total Hardness as CaCO3 by ICP: 59.9,2024 Spring Water Analysis Report,https://cdn.shopify.com/s/files/1/1628/8781/files/JUST-Water-Report-2024_FINAL.pdf?v=1729178045,2026-09-14,brand_site,mg/L; nitrate printed 'Nitrate as Nitrogen by IC'; bicarbonate not printed.,Linked from justwater.com/pages/water-quality-report.
LIFEWTR,LIFEWTR Purified Water pH Balanced ~ Electrolytes for Taste,US,still,not specified in table,Multiple US plants,purified,,,,,,6.5-7.5,ND,ND-0.051,ND,,,23-30,,,2025 CA Water Quality Report (updated to website June 2025),https://contact.pepsico.com/files/lifewtr/documents/1758119489/LifeWtr%202025%20CA%20Water%20Quality%20Report%20-%20English.pdf,2026-09-14,brand_site,Nitrate printed as 'Nitrogen (as Nitrate)'. Ca/Mg/Na/K/alkalinity/pH not printed.,"Electrolytes added for taste (magnesium sulfate, potassium bicarbonate per label); report does not quantify them."
Liquid Death,Liquid Death Mountain Water (still),US,still,3300 Artesian Well (Wilderness Asset Holdings),"Bland, Virginia (Blue Ridge Mountains)",artesian,30,5.7,2.8,0.60,91,9.7,1.4,0.16,0.083,7.8,,120,Alkalinity: 91,"Hardness, Total: 98 (Hardness, Calcium: 74)","Date of report: Quarter 1, 2026 (Compliance Designs report #1265-342)",https://cdn.shopify.com/s/files/1/0079/4289/7737/files/2026_Annual_Liquid_Death_Still_FP.pdf?v=1776366884,2026-09-14,brand_site,Scanned PDF read visually; mg/L; nitrate printed 'Nitrate – N'.,Linked from liquiddeath.com/pages/water-quality-reports. Column header 'LIQUID DEATH STILL FINISHED PRODUCT (Produced from 3300 Artesian Well)'.
Mount Olympus,Mount Olympus Spring Water,US,still,Springs (not named; DS Services regional sources),Regional US springs (not named),spring water,,,,,,ND – 11.1,0.75 – 6.4,ND,ND,6.0 – 8.5,,13 - 198,,,DS Services spring water quality report dated 02/24/17 (file 'spring-water-quality-report-22417'),https://a-us.storyblok.com/f/1021132/x/a3bd9aaca0/spring-water-quality-report-22417.pdf,2026-09-14,brand_site,"DS Services 'Water Quality Report – Typical Analysis, Table 5: Spring' (2017), mg/L; ranges printed with en dash. Calcium, magnesium, sodium, potassium, alkalinity, hardness NOT printed. Nitrate 'Nitrate-N'.","One generic report covers all DS Services/Primo regional brands (Alhambra, Belmont Springs, Crystal Springs, Deep Rock, Hinckley Springs, Kentwood Springs, Mount Olympus, Sierra Springs, Sparkletts). Linked today from water.com/about/primo-water-quality/; brand sites (sparkletts.com etc.) return 403. Purified report (022417): TDS 5, pH 6.0; purified with minerals: TDS 22, pH 6.28."
Mountain Valley,The Mountain Valley Spring Water,US,still,Mountain Valley Springs,"Garland County, AR",spring water,65 - 70,6.1 - 7.2,1.7 - 2.5,ND - 1.2,,5.2 - 8.2,1.8 - 2.5,ND,0.12 - 0.15,7.3 - 8.1,,210,"Alkalinity, Total as CaCO3: 190",Total Hardness (as CaCO3): 190 - 200,2025 Water Analysis Report,https://cdn.shopify.com/s/files/1/0282/3870/8845/files/Mountain_Valley-Water_Quality_Report-2025-EN.pdf?v=1757101690,2026-09-14,brand_site,"Primo Brands/BlueTriton 'Water Analysis Report' table. Ranges are printed as 'low - high' and are the range across sources/samples; nitrate printed as 'Nitrate as N'; alkalinity printed as 'Alkalinity, Total as CaCO3'; hardness printed as 'Total Hardness (as CaCO3)'; bicarbonate not printed.",mountainvalleyspring.com/pages/water-quality-report redirects to this PDF (© DS Services of America). Sparkling column not recorded.
Niagara,Niagara Alkaline Water,US,still,"Springs, wells and/or municipal water supplies",Multiple US plants,purified,1.33,1.77,1.33,13.67,17.67,0.67,7.67,ND,ND,9.93,,42.33,Alkalinity in CaCO3 units: 19.33,Total Hardness: 10.33 mg/L CaCO3,Water Quality Report 2026 (analysis 2025),https://www.niagarawater.com/wp-content/uploads/2026/04/Niagara-WQR-English-2026_041726sb-lr.pdf,2026-09-14,brand_site,"Niagara 'Water Quality Analysis (2025)' table, mg/L; bicarbonate printed 'Bicarb.Alkalinity mg/L HCO3'; alkalinity 'in CaCO3 units'; nitrate 'Nitrate as Nitrogen'; hardness 'Total Hardness mg/L CaCO3'.",'Alkaline Water' column; purified with minerals added to raise pH.
Niagara,Niagara Purified Drinking Water (Purified Water with Minerals added for Taste),US,still,"Springs, wells and/or municipal water supplies",Multiple US plants,purified,2.79,0.10,2.36,5.26,10.62,ND,6.69,ND,ND,6.69,,31.64,Alkalinity in CaCO3 units: 9.38,Total Hardness: 7.21 mg/L CaCO3,Water Quality Report 2026 (analysis 2025),https://www.niagarawater.com/wp-content/uploads/2026/04/Niagara-WQR-English-2026_041726sb-lr.pdf,2026-09-14,brand_site,"Niagara 'Water Quality Analysis (2025)' table, mg/L; bicarbonate printed 'Bicarb.Alkalinity mg/L HCO3'; alkalinity 'in CaCO3 units'; nitrate 'Nitrate as Nitrogen'; hardness 'Total Hardness mg/L CaCO3'.","Report has 5 columns: Purified (all ND, pH 6.09), Distilled (all ND, pH 5.90), Purified with Minerals (this row), Spring, Alkaline. Niagara also bottles many retailer private labels (not attributed here)."
Niagara,Niagara Spring Water,US,still,Approved springs (not named),Multiple US plants,spring water,3.57,0.97,5.29,1.43,12.00,2.67,9.27,0.98,ND,6.51,,51.29,Alkalinity in CaCO3 units: 10.29,Total Hardness: 12.86 mg/L CaCO3,Water Quality Report 2026 (analysis 2025),https://www.niagarawater.com/wp-content/uploads/2026/04/Niagara-WQR-English-2026_041726sb-lr.pdf,2026-09-14,brand_site,"Niagara 'Water Quality Analysis (2025)' table, mg/L; bicarbonate printed 'Bicarb.Alkalinity mg/L HCO3'; alkalinity 'in CaCO3 units'; nitrate 'Nitrate as Nitrogen'; hardness 'Total Hardness mg/L CaCO3'.",'Spring Water' column.
Nirvana,Nirvana Natural Spring Water,US,still,Nirvana springs (on-site),"Forestport, NY",spring water,8.8,0.39,3.4,ND,,ND,3.3,0.3,ND,6.6,,27,Alkalinity (total as CaCO3): ND; Bicarbonate (as CaCO3): ND (LRL 20),Hardness (as CaCO3): 20,Finished Product Analysis 2018-2019 (file dated 05/08/19),https://www.nirvanawater.com/assets/Uploads/FinishedProductAnalysis-050819.pdf,2026-09-14,brand_site,mg/L; bicarbonate printed as CaCO3 with LRL 20 so ND; nitrate 'Nitrate as N'.,Old report (2019) but the only one on nirvanawater.com/quality-assurance.
Ozarka,Ozarka Natural Spring Water,US,still,Roher Spring; Moffit Spring; Piney Woods Spring,"Henderson County, TX; Walker County, TX; Wood County, TX",spring water,2.1 - 8.3,0.9 - 2.7,2.7 - 15,1 - 3.6,,1.8 - 10,3.3 - 37,0.1 - 2.2,ND,5.5 - 6.9,,38 - 150,"Alkalinity, Total as CaCO3: ND - 12",Total Hardness (as CaCO3): 8.9 - 32,2025 Water Analysis Report,https://a-us.storyblok.com/f/1021132/x/656199c3da/ozarka_wqr_2025_en.pdf,2026-09-14,brand_site,"Primo Brands/BlueTriton 'Water Analysis Report' table. Ranges are printed as 'low - high' and are the range across sources/samples; nitrate printed as 'Nitrate as N'; alkalinity printed as 'Alkalinity, Total as CaCO3'; hardness printed as 'Total Hardness (as CaCO3)'; bicarbonate not printed.",Sparkling column not recorded.
Penta,Penta Ultra-Purified Water,US,still,"Local aquifer (San Bernardino) via municipal supply, reverse osmosis","San Bernardino, California (United Beverage)",purified,,ND,ND,,,ND,ND,ND,ND,5.4,,ND,Alkalinity in CaCO3 units: ND; Bicarb Alkalinity as HCO3: ND,Total Hardness as CaCO3: ND,Water Quality Report updated April 2019,https://cdn.shopify.com/s/files/1/2062/7563/files/WQR_2019.pdf?3311,2026-09-14,brand_site,mg/L; calcium and potassium rows not present in table.,"Old (2019) report, the only one linked from pentawater.com/pages/water-quality-report."
Poland Spring,Poland Spring Natural Spring Water,US,still,"Poland Spring (primary) and other Maine springs: Clear Spring, Evergreen Spring, Spruce Spring, Garden Spring, Bradbury Spring, White Cedar Spring, Ellis Spring, Bella Luna Spring, Cold Spring","Poland Spring, ME (and other ME towns)",spring water,4.2 - 11,0.92 - 2.3,1.5 - 9.7,0.48 - 1.5,,2.9 - 7.6,ND - 17,0.92 - 0.8,ND - 0.21,6.2 - 7.5,,27 - 84,"Alkalinity, Total as CaCO3: ND",Total Hardness (as CaCO3): 14 - 38,2025 Water Analysis Report,https://a-us.storyblok.com/f/1021132/x/42c82ed95d/polandspring_wqr_2025_en.pdf,2026-09-14,brand_site,"Primo Brands/BlueTriton 'Water Analysis Report' table. Ranges are printed as 'low - high' and are the range across sources/samples; nitrate printed as 'Nitrate as N'; alkalinity printed as 'Alkalinity, Total as CaCO3'; hardness printed as 'Total Hardness (as CaCO3)'; bicarbonate not printed.",Report also has a Poland Spring Sparkling column (not recorded). Nitrate range printed exactly as '0.92 - 0.8'.
Pure Life (US),Pure Life Purified Water Enhanced with Minerals for Taste,US,still,Public Water Supply or On-Site Well,not specified,purified,ND,1 - 2.4,1.8 - 4.7,ND - 0.52,,4.1 - 9.9,2.6 - 11,ND - 0.19,ND,6 - 7.2,,13 - 44,"Alkalinity, Total as CaCO3: ND",Total Hardness (as CaCO3): 7.8 - 23,2025 Water Analysis Report,https://a-us.storyblok.com/f/1021132/x/e0730cb80d/purelife_wqr_2025_en_2.pdf,2026-09-14,brand_site,"Primo Brands/BlueTriton 'Water Analysis Report' table. Ranges are printed as 'low - high' and are the range across sources/samples; nitrate printed as 'Nitrate as N'; alkalinity printed as 'Alkalinity, Total as CaCO3'; hardness printed as 'Total Hardness (as CaCO3)'; bicarbonate not printed.","Remineralised purified water (minerals added for taste). PDF linked from purelifewater.com/brand/our-quality/ (link only rendered in a browser). Distilled column not recorded (all ND, pH 5.5 - 6.1)."
Saratoga,Saratoga Spring Water,US,still,White Cedar Spring; Greenwaltz Spring; Nature's Way Springs; Sweet Water Spring,"Dallas Plt., ME; Bangor, PA; Foster Township, PA; Saratoga Springs, NY",spring water,8 - 17,1.3 - 5.8,2.2 - 10,0.37 - 0.71,,5.1 - 51,10 - 18,0.62 - 0.83,ND,5.8 - 6,,53 - 94,"Alkalinity, Total as CaCO3: ND",Total Hardness (as CaCO3): 25 - 67,2025 Water Analysis Report,https://a-us.storyblok.com/f/1021132/135084/6252cfc27a/saratoga_wqr_2025_en.pdf,2026-09-14,brand_site,"Primo Brands/BlueTriton 'Water Analysis Report' table. Ranges are printed as 'low - high' and are the range across sources/samples; nitrate printed as 'Nitrate as N'; alkalinity printed as 'Alkalinity, Total as CaCO3'; hardness printed as 'Total Hardness (as CaCO3)'; bicarbonate not printed.",Report has additional 'Saratoga Collection' and 'Saratoga Sparkling Water' columns (not recorded). Linked from saratogawater.com.
Sparkletts,Sparkletts Spring Water,US,still,Springs (not named; DS Services regional sources),Regional US springs (not named),spring water,,,,,,ND – 11.1,0.75 – 6.4,ND,ND,6.0 – 8.5,,13 - 198,,,DS Services spring water quality report dated 02/24/17 (file 'spring-water-quality-report-22417'),https://a-us.storyblok.com/f/1021132/x/a3bd9aaca0/spring-water-quality-report-22417.pdf,2026-09-14,brand_site,"DS Services 'Water Quality Report – Typical Analysis, Table 5: Spring' (2017), mg/L; ranges printed with en dash. Calcium, magnesium, sodium, potassium, alkalinity, hardness NOT printed. Nitrate 'Nitrate-N'.","One generic report covers all DS Services/Primo regional brands (Alhambra, Belmont Springs, Crystal Springs, Deep Rock, Hinckley Springs, Kentwood Springs, Mount Olympus, Sierra Springs, Sparkletts). Linked today from water.com/about/primo-water-quality/; brand sites (sparkletts.com etc.) return 403. Purified report (022417): TDS 5, pH 6.0; purified with minerals: TDS 22, pH 6.28."
Voss,VOSS Still (Norway production),US,still,"Artesian aquifer, Vatnestrøm","Vatnestrøm, Iveland, Southern Norway",artesian,2.7,0.61,3,ND,<20,ND,3.8,ND,0.1,5.8,,40,,,Report updated 5.9.23 (2023),https://vosswaterusa.com/wp-content/uploads/2023/05/VOSS-Water-Quality-Report-updated-5.9.23.pdf,2026-09-14,brand_site,"VOSS 'Bottled Water Quality Report' table in mg/L; decimal commas in the PDF (2,7 / 0,61 / 5,8) converted to points. Nitrate printed as 'Nitrate-N'. Bicarbonate printed as '<20'.",Same values on vosswaterglobal.com/pages/analysis-table (NO column). Sparkling column not recorded.
Voss,VOSS Still (US production),US,still,not stated in table,United States (per column header 'VOSS Still (US)'),other (type not declared in table),ND,0.16,1,ND,30,ND,ND,ND,ND,5.8,,40,,,Report updated 5.9.23 (2023),https://vosswaterusa.com/wp-content/uploads/2023/05/VOSS-Water-Quality-Report-updated-5.9.23.pdf,2026-09-14,brand_site,"VOSS 'Bottled Water Quality Report' table in mg/L; decimal commas in the PDF (2,7 / 0,61 / 5,8) converted to points. Nitrate printed as 'Nitrate-N'. Bicarbonate printed as '<20'.",Second column of the same report; also on vosswaterglobal.com/pages/analysis-table (US column).
Waiakea,Waiākea Hawaiian Volcanic Water,US,still,Deep well at eastern base of Mauna Loa volcano,"Hilo, Hawaiʻi",other (declared 'natural deep well water'),5.6,3.0,6.1,2.0,31,4.9,3.0,ND,.061,7.8,,84,Alkalinity in CaCO3 units: 31,,Report Date: May 2026 (Sampling Period: March 2026),https://cdn.shopify.com/s/files/1/0232/9493/files/Waiakea_Water_Quality_Report_2026.pdf,2026-09-14,brand_site,Sulfate printed as '4. 9 mg/L' (stray space). Silica 37 mg/L also printed.,"Table 1 of the PDF has misaligned rows (prints 'Fluoride 2.9 mg/L' and 'Magnesium 0.061 mg/L'); Mg 3.0 and F .061 are taken from the Product Analysis table on page 4, where Ca/Mg/K/Na/bicarbonate/alkalinity are unambiguous. Chloride 3.0 and sulfate 4.9 are from Table 1."
Zephyrhills,Zephyrhills Natural Spring Water,US,still,Crystal Springs (primary); Cypress Springs; Spring of Life; White Springs; Ginnie Springs; Madison Blue Spring,"Pasco County, FL (primary); other FL counties",spring water,63 - 68,4.5 - 4.8,8.3 - 8.6,ND - 0.5,,11 - 13,16 - 17,1.2 - 2.2,0.1 - 0.11,7.6 - 8.3,,220 - 240,"Alkalinity, Total as CaCO3: 160",Total Hardness (as CaCO3): 180 - 190,2025 Water Analysis Report,https://a-us.storyblok.com/f/1021132/x/d27603dbf4/zephyrhills_wqr_2025_en.pdf,2026-09-14,brand_site,"Primo Brands/BlueTriton 'Water Analysis Report' table. Ranges are printed as 'low - high' and are the range across sources/samples; nitrate printed as 'Nitrate as N'; alkalinity printed as 'Alkalinity, Total as CaCO3'; hardness printed as 'Total Hardness (as CaCO3)'; bicarbonate not printed.",PDF linked from zephyrhillswater.com.
Belu,Still Natural Mineral Water,GB,still,,hills of mid-Wales (Area of Outstanding Natural Beauty),natural mineral water,64.5,6.0,19.9,2.3,155.8,52.4,14.5,,,7.7,274.4,,,,,https://belu.org/mineral-water/,2026-09-14,brand_site,mg/l typical analysis; 'Dry residue at 180°C 274.4'; pH '(at source)'.,"Nitrate, fluoride, source name and analysis date not printed."
Brecon Carreg,Still Natural Mineral Water,GB,still,,"Brecon Beacons National Park, Wales",natural mineral water,55,15,5,,225,9,9,,,,,,,199 as CaCO3,,https://www.waterdictionary.net/waters/brecon-carreg,2026-09-14,third_party,"Compilation site, mg/L; hardness printed '199 as CaCO3'.","THIRD PARTY. Brand site breconwater.co.uk (/our-water/, /our-water/still/) prints no analysis; Amazon UK 500, nexpressdelivery 403, openfoodfacts entry has label photo but no transcribed values. Unverified search snippet also listed potassium 0.5, nitrate 3.5, silica 7.0, dry residue 180°C 210.0, pH 7.6 — not on any fetched page, so not entered."
Buxton,Buxton Still Natural Mineral Water,GB,still,"Buxton (St Ann's Well area, Peak District limestone — location as described on site)","Buxton, Derbyshire, England",natural mineral water,55,19,24,1,248,13,37,<0.1,,7.4,280,,,,,https://www.buxtonwater.co.uk/bottled-water/still,2026-09-14,brand_site,"Table headed ""Per Liter"", values printed as ""55 mg"" etc.; ""Dry Recidue at 180oc 280 mg"" (sic); ""pH at source 7.4 mg"" (sic, unit typo on site).",Fluoride not printed; no analysis date. Page fetched through the desktop browser pane (site returns HTTP 403 to non-browser fetchers).
Deeside,Deeside Mineral Water (still),GB,still,Pannanich Wells,"Ballater, Aberdeenshire, Scotland",natural mineral water,4,3,6,<1,26,3,7,<3,,6.1,60,,,,,https://www.deesidewater.co.uk/trade-and-export/bottled-water-range/,2026-09-14,brand_site,Heading 'Typical Analysis mg/l'. 'Dry Residue 60' — temperature NOT stated on the page. pH printed 'at source'.,"Page calls the product 'Deeside Mineral Water'; water_type taken from that wording. Same analysis shown for all still formats (500ml/2L PET, 250ml/750ml glass). Fluoride not printed."
evian,Natural Mineral Water 1L,GB,still,,,natural mineral water,80,26,6.5,1,360,14,10,3.8,,7.2,,,,,,https://www.evian.com/en_gb/products/core-bottled-water-range/1l/,2026-09-14,brand_site,Values printed as mg/L in the product composition block; pH printed as '7.2 pH'.,Silica 15 mg/l also printed. Source name (Evian-les-Bains) and dry residue not printed on this UK page; page says 'the French Alps'. Fluoride not printed.
FIJI Water,Natural Artesian Water,GB,still,"artesian aquifer, Viti Levu","Viti Levu, Fiji Islands",artesian,18,14,17,4.8,126.4,0.5,9,0.25 (Nitrate-N),0.2,7.91,,210,130,,Report Date: March 2026; Sampling Period: February 2026,https://cdn.shopify.com/s/files/1/0051/7262/5477/files/2026_CA_Water_Quality_Report_English_-_FINAL_-_3.30.2026.pdf?v=1774914850,2026-09-14,brand_site,"All mg/L. Nitrate printed as 'Nitrate-N 0.25' (nitrogen basis, not NO3) — kept as printed, do not compare with NO3 values. Alkalinity printed 'Total Alkalinity 130 mg/L' and 'Alkalinity in CaCO3 units 130'. TDS printed 'Total Dissolved Solids 210 mg/L'.","Silica 86 mg/L, conductivity 280 umhos/cm also printed. PDF is FIJI's US (California) Bottled Water Quality Report, linked from the UK FAQ page https://www.fijiwater.co.uk/faqs (which prints only 'pH is 7.7')."
Highland Spring,Still Spring Water,GB,still,Ochil Hills,"Ochil Hills, Scotland",spring water,40.5,10.1,5.6,0.7,150,5.3,6.1,3.1,,7.8,170,,,,,https://www.highlandspring.com/product-range/spring-water/,2026-09-14,brand_site,Table headed typical analysis mg/l; nitrate printed as 'Nitrate (as NO3) 3.1'; 'Dry residue 180°C 170'.,pH taken from https://www.highlandspring.com/our-water/ ('approximately pH7.8'); same page says dry residue '170/180mg/l' and sodium '0.0056 grams per litre'. Fluoride not printed.
Princes Gate,Still Spring Water,GB,still,spring near Princes Gate,"near Narberth, Pembrokeshire, Wales",spring water,58,11.5,12,1.1,202,9.1,18,20,,6.2,,233,,,,https://en.wikipedia.org/wiki/Princes_Gate_Spring_Water,2026-09-14,third_party,"Wikipedia infobox, mg/L; 'TDS 233'.","THIRD PARTY. Brand site (princesgate.com, /products) prints no analysis. Wikipedia infobox has no citation for the table."
Volvic,Natural Mineral Water 1L,GB,still,,,natural mineral water,12,8,12,6,74,9,15,7.3,,7,130,,,,,https://www.volvic.co.uk/products/natural-mineral-water/volvic-natural-mineral-water/natural-mineral-water-1l/,2026-09-14,brand_site,Heading 'Mineral composition mg/litre'; 'Dry Residue 180°C 130'.,Silica 32 mg/l also printed. Source name/location not printed on the UK page (only 'six layers of volcanic rock'). Fluoride not printed.
Adelholzener,Adelholzener Naturell,DE,still,,,natural mineral water,67.7,32.9,13.2,1.0,336,29,17,<0.3,0.16,,,,,,17.01.2023,https://www.adelholzener.de/marken-produkte/adelholzener/,2026-09-14,brand_site,"mg per 1 l, Kationen/Anionen.","'Auszug aus der Analyse des SGS Instituts Fresenius vom 17.01.2023, bestätigt durch laufende Kontrollanalysen'. Declared 'Natürliches Mineralwasser – Ohne Kohlensäure, natriumarm'. Quelle/Ort and pH not printed."
Aqua Römer,AQUA RÖMER QUELLE Mineralwasser Naturelle,DE,still,Aqua Römer Quelle,Mainhardt,natural mineral water,569,53.5,22.8,,193,1460,9.7,,,,,,,,,https://www.aquaroemerquelle.de/produkte/mineralwasser-naturelle,2026-09-14,brand_site,mg/l Analyseauszug.,"'Analyseauszug des Instituts SYNLAB Umweltinstitut GmbH, Stuttgart, bestätigt durch laufende Kontrollanalysen' — no date. Kalium, Nitrat, Fluorid, pH not printed."
Aqua Römer,AQUA RÖMER SANFT-QUELLE Mineralwasser Still,DE,still,SANFT & STILL QUELLE,Großerlach,natural mineral water,46.6,25.6,4.7,,224,,,,,,,,,,,https://www.aquaroemerquelle.de/produkte/mineralwasser-still,2026-09-14,brand_site,mg/l Analyseauszug.,"'Analyseauszug des Eurofins Institut Jäger GmbH, Tübingen, bestätigt durch laufende Kontrollanalysen' — no date. Only four ions printed."
Bad Brambacher,Bad Brambacher Naturell,DE,still,,Bad Brambach,natural mineral water,13.0,11.9,9.0,0.6,93.0,15.6,4.3,,0.21,,,,,,17.02.2011,https://www.bad-brambacher.de/mineralwasser/,2026-09-14,brand_site,mg/l.,"'Auszug aus der amtlich anerkannten Analyse der Laborunion Prof. Höll & Co. GmbH Bad Elster vom 17.02.2011, bestätigt durch laufende Kontrollen'. Kieselsäure 34,5 also printed. Same table shown for naturell/sanft/medium/spritzig. Nitrat, pH not printed."
Black Forest,Black Forest Still,DE,still,Hansjakobquelle,"Bad Rippoldsau, Schwarzwald",natural mineral water,6.7,2.6,1.1,1.7,30.5,2.9,0.8,,nicht nachweisbar,,,,,1.5 °dH,,https://www.blackforest-still.de/produkte/black-forest-still.html,2026-09-14,brand_site,"mg/l; hardness printed '1,5 °dH' (deutsche Härte).","Leitfähigkeit 67,6 µS/cm also printed. Nitrat, pH, Trockenrückstand, lab/date not printed."
Carolinen,Carolinen Bio-Mineralwasser Naturelle,DE,still,,Teutoburger Wald (Bielefeld),natural mineral water,421.0,43.0,14.8,4.3,317.0,950.0,11.0,nicht nachweisbar,,,,,,,,https://www.carolinen.de/unsere-sorten/bio-mineralwasser-naturelle-2/,2026-09-14,brand_site,mg/l.,"Fluorid, pH, lab/date not printed."
Christinen,Christinen Naturelle,DE,still,Teutoburger Bergquelle,Bielefeld,natural mineral water,52,4.2,262,8.3,474,106,185,,1.25,,,,,,12.03.2018,https://www.christinen.de/portfolio-item/naturliches-mineralwasser,2026-09-14,brand_site,'Analyse vom 12.03.2018 des Instituts Romeis in mg/l'.,"Same analysis shown for Spritzig, Medium and Naturelle. Nitrat and pH not printed."
Ensinger,Ensinger Gourmet Bio-Mineralwasser Still,DE,still,,,natural mineral water,115.0,52.0,75,,405,314,13.4,< 0.5,,,,,,,,https://www.ensinger.de/produkte/ensinger-gourmet,2026-09-14,brand_site,"Analysenauszug mg/l; 'Kohlensäure < 0,2 g/l'.","Meta-Kieselsäure 17,4 also printed. Kalium, Fluorid, pH, Quelle/Ort, lab/date not printed."
Ensinger,Ensinger NaturQuell Still,DE,still,,,natural mineral water,95.0,48.0,10.6,3.1,417.0,82.0,31.0,< 0.5,,,,,,,,https://www.ensinger.de/produkte/ensinger-naturquell,2026-09-14,brand_site,'Analysenauszug (mg/Liter)'.,"Formerly 'Ensinger Naturelle Still' (renamed March 2023). Meta-Kieselsäure 15,1 also printed. Fluorid, pH, Quelle/Ort, lab/date not printed; spec sheet PDF 'Produktspezifikation-Ensinger-NaturQuell-Still-PET-202407.pdf' referenced."
Extaler Mineralquell,Extaler Mineralquell Naturell,DE,still,,Exten (Rinteln),natural mineral water,364,59.9,11.4,1.8,266,900,,,,,,,,,,https://www.riha-wesergold.de/de/marken/extaler/15839-extaler-mineralquell-naturell-ohne-kohlensaeure,2026-09-14,brand_site,mg/l.,"Producer site (riha WeserGold). Kieselsäure 14,7 also printed. Chlorid, Nitrat, Fluorid, pH, lab/date not printed."
Förstina,Förstina Mineralwasser Naturell,DE,still,,Biosphärenreservat Rhön,natural mineral water,460.00,58.00,36.0,15.50,866.00,640.00,41.00,,1.25,,,,,,Januar 2014,https://www.foerstina.de/produkte/foerstina-mineralwasser-naturell,2026-09-14,brand_site,mg/l.,"'Auszug aus der Analyse der Institut Romeis Bad Kissingen GmbH vom Januar 2014 in mg/l'. Nitrat, pH, Quelle name not printed."
Gerolsteiner,Gerolsteiner Naturell,DE,still,,Gerolstein/Vulkaneifel,natural mineral water,125,44,17,5,577,24,15,,,,,,,,,https://assets.ctfassets.net/l6w8pczwr290/3uN5rzsK72Z8uhQ2itYQzG/2d3c3e9ee5cd93904237322360198f47/Analyseblatt_Naturell.pdf,2026-09-14,brand_site,'Enthaltene Mineralien (in mg/l)'. 'Summe der hier aufgelisteten Mineralien 807'.,"Analyseblatt PDF linked from https://www.gerolsteiner.de/produkte/mineralwasser/naturell (same values). 'Auszug aus der amtlich anerkannten Analyse des Instituts Fresenius, Taunusstein' — no date printed. Nitrat, Fluorid, pH, Trockenrückstand not printed."
hassia,hassia Naturell,DE,still,,"Bad Vilbel, Wetterau",natural mineral water,109,20.1,6.5,5.1,391,,,,,,,,,,,https://www.hassia-sprudel.de/produkte/mineralwasser/still,2026-09-14,brand_site,mg per litre.,"Sulfat, Chlorid, Nitrat, Fluorid, pH, lab/date not printed. SGS Institut Fresenius certification mentioned."
Lauretana,Lauretana (still),DE,still,,"Graglia (Santuario di Graglia), Piemont, Italy, 1.050 m",natural mineral water,1.70,0.44,0.88,0.22,5.20,2.10,0.44,2.10,unterhalb der Nachweisgrenze,6.0,14.4,,,,,https://lauretana.de/quellenanalyse,2026-09-14,brand_site,"mg/l; 'Trockenrückstand bei 180°C 14,4 mg/l'; pH 'an der Quelle'.",German distributor/brand site lauretana.de (DE market). Analysis date/lab not printed.
Plose,Plose (still),DE,still,Plose Quelle,"Brixen (BZ), Südtirol, Italy",natural mineral water,2.6,1.6,1.3,<0.3,23,3.2,<0.4,1.2,,6.6,22.0,,,1.3 °F,,https://acquaplose.com/de/eigenschaften/,2026-09-14,brand_site,"mg/L; 'Trockenrückstand 180°C 22,0 mg/L'; hardness '1,3 °F' (French degrees).","German-language brand site (DE market). SiO2 6,1 mg/L, quelleigener Sauerstoff 10 mg/L, Leitfähigkeit 30 µS/cm also printed. Fluorid and analysis date not printed."
Rheinfels Quelle,Rheinfels Quelle Naturelle,DE,still,Rheinfels Quelle,Walsum (Duisburg),natural mineral water,0.0017 g/l,0.00067 g/l,0.24 g/l,0.0048 g/l,0.32 g/l,,0.124 g/l,,,,,,,,18.03.1988,https://www.rheinfelsquellen.de/produkte/natuerliches-mineralwasser/naturelle,2026-09-14,brand_site,"PAGE PRINTS g/l, NOT mg/l. Cells hold the printed g/l strings verbatim (not converted, per spec).","'Ergebnis der amtlich anerkannten Analyse vom 18.03.1988, Institut Fresenius, Taunusstein'. Sulfat, Nitrat, Fluorid, pH not printed."
RhönSprudel,RhönSprudel Naturell,DE,still,,,natural mineral water,41.7,20.9,2.9,10.9,226,18.0,3.9,<0.3,0.66,,,,,,20.11.2013,https://www.rhoensprudel.de/produkte/mineralwasser/naturell,2026-09-14,brand_site,mg/l.,"'SGS Institut Fresenius, Taunusstein, vom 20.11.2013, bestätigt durch laufende Kontrollen'. Quelle/Ort, pH, Trockenrückstand not printed."
Rosbacher,Rosbacher Naturell,DE,still,,,natural mineral water,158,73.2,,,815,,,,,,,,,,,https://www.rosbacher.de/sortiment/mineralwasser/rosbacher-naturell,2026-09-14,brand_site,"Printed as '158 mg Calcium pro Liter', '73,2 mg Magnesium pro Liter', '815 mg Hydrogencarbonat pro Liter'.","Only three values printed; no full Analysenauszug on the page. SGS Institut Fresenius certification mentioned, no date."
SELTERS,SELTERS Naturell,DE,still,,,natural mineral water,78.1,,5.6,1.4,298,28,9.9,,,,,462,,,13. März 2014,https://www.selters.de/sortiment/,2026-09-14,brand_site,"'1 Liter SELTERS Naturell enthält ...' mg per litre. tds cell = '462 mg gelöste, feste Bestandteile' (dissolved solids; method/temperature not stated).",'nach der regelmäßig bestätigten Analyse des SGS Institut Fresenius vom 13. März 2014'. Magnesium not listed for Naturell on the page (fetched twice). Quelle/Ort not printed.
Spreequell,Spreequell Naturell,DE,still,,,natural mineral water,17.0,3.3,6.2,1.7,13.2,56.9,,,,,,,,,05.12.2017,https://www.spreequell.de/mineralwasser,2026-09-14,brand_site,mg/Liter.,"'Laborunion Prof. Höll & Co GmbH vom 05.12.2017, bestätigt durch laufende Kontrollen'. Chlorid, Nitrat, Fluorid, pH, Quelle/Ort not printed."
St. Leonhards,St. Leonhardsquelle still,DE,still,St. Leonhardsquelle,"Bad Leonhardspfunzen, Stephanskirchen",natural mineral water,93,26,7.5,1.6,404,7.2,14.4,< 1.0,0.06,7.25,,,,,,https://st-leonhards-quellen.de/produkte/unser-ursprung,2026-09-14,brand_site,"mg/l; 'pH-Wert (still) 7,25'; table header '* Analyse der stillen Abfüllung'.","Kieselsäure 15,8, Nitrit <0,005, Iodid <0,001, Leitfähigkeit 615 µS/cm also printed. Lab/date not printed."
Staatl. Fachingen,Staatl. Fachingen STILL,DE,still,,Lahntal,other (Heilwasser),98.7,59.2,564,16.1,1846,39,139,,0.3,,,,,,,https://www.fachingen.de/das_wasser,2026-09-14,brand_site,mg/l; Hydrogencarbonat printed '1.846' (German thousands separator). Gesamtgehalt Mineralstoffe ~2.800 mg/l.,"Declared Heilwasser, not Mineralwasser. Lithium 0,77 mg/l also printed. Nitrat, pH, Trockenrückstand, lab/date not printed. Page: MEDIUM has identical mineral content."
Teinacher,Teinacher Naturell,DE,still,,"Bad Teinach-Zavelstein, Schwarzwald",natural mineral water,89.2,25.5,66.4,,506.0,23.3,17.2,,,,,,,,,https://www.teinacher.de/mineralwasser/naturell/,2026-09-14,brand_site,'Analysen-Auszug (mg/l)'.,"Kieselsäure 33.1 mg/l also printed. Kalium, Nitrat, Fluorid, pH, lab/date not printed."
VILSA,VILSA Mineralwasser naturelle,DE,still,,,natural mineral water,47,3.6,16.4,2.0,175,10,12,0.7,0.17,,,,,,,https://vilsa.de/mineralwasser/naturelle/,2026-09-14,brand_site,"mg/l, Kationen/Anionen table.","Source name/Ort, pH, lab/date not printed on the page."
ViO,ViO still,DE,still,,,natural mineral water,51,5.3,15,,152,19,20,,,,,,,,,https://www.coca-cola.com/de/de/brands/vio/vio-still,2026-09-14,brand_site,Printed as mg per 1000 ml.,"Declared 'Natürliches Mineralwasser ohne Kohlensäure'. Quelle (Lüner Quelle) not printed on this page; Kalium, Nitrat, Fluorid, pH, date not printed."
Abatilles,Abatilles eau minérale naturelle plate,FR,still,Source des Abatilles,"Arcachon (157 boulevard de la Côte d'Argent, 33120 Arcachon)",natural mineral water,21,10,105,4,131,8,150,,,8.2,372,,,,,https://www.sourcedesabatilles.com/pure-et-legere/,2026-09-14,brand_site,"mg/l; bicarbonate printed as 'Hydrogénocarbonates 131 mg/l'; 'Résidu sec à 180°C 372 mg/l'; 'pH (plate) 8,2'.","Nitrates described as 'un taux zéro nitrate *inférieur à la limite de détection' (no number). Page warns labels are changing and bottle labels may differ slightly. No fluoride, no analysis date."
Auchan,Auchan eau de source de montagne (1.5L),FR,still,Roche des Ecrins (named in legal denomination),,spring water,66,11,1.4,0.4,173,59,,,,7.6,240,,,,,https://www.auchan.fr/auchan-eau-de-source-de-montagne/pr-C1207722,2026-09-14,label_photo_official,mg/l (first of three compositions printed). 'Chlorures :' printed with no value.,"Retailer page prints THREE alternative compositions because the product's source varies by store. Composition 2: Ca 49, Na 35, Mg 12, K 1, HCO3 186, Cl 54, SO4 17, NO3 5, résidu sec 180°C 288 mg/l, pH 7,8. Composition 3: HCO3 110.3, Ca 35.0, SO4 15.2, Mg 3.6, silicates 3.1, NO3 1.0, Na 0.3, Cl 0.2, K 0.2, pH 8.3, résidu à sec 180°C 118.5 mg/l. Only composition 1 is entered in the numeric columns."
Carola,Carola Bleue (eau de source plate),FR,still,,"Ribeauvillé, Parc naturel régional des Ballons des Vosges",spring water,73,20,131,,,,,,,,665,,,,,https://www.carola.fr/nos-gammes/carola-bleue/,2026-09-14,brand_site,mg/l; 'Résidu à sec à 180°C : 665'.,"Only Ca, Mg, Na and résidu sec printed on the product page. Declared 'Eau de source'. Retailer page (coursesu.com) returned HTTP 403."
Celtic,Celtic eau minérale naturelle plate (filière production eau plate),FR,still,La Source SAS - point 'Filière production eau plate',Niederbronn-les-Bains (67110),natural mineral water,10.36,3.99,1.6,2.0,,3.8,3.3,2.6,<0.05,7.58,,,3.50,,2020-05-25 (prélèvement),http://ressources.eauceltic.com/analyse_eau_celtic.pdf,2026-09-14,brand_site,"mg/L. Alkalinity printed as 'Titre alcalimétrique complet 3,50 °f' (TAC, French degrees; also 'Titre alcalimétrique 0,00 °f'). Conductivité à 25°C 97 µS/cm. No résidu sec in this report.","Document is an ARS Grand Est sanitary-control analysis (Code de la santé publique) hosted on the brand's own domain, linked from https://www.eauceltic.com/. Not a label; bicarbonate not reported as such."
Contrex,CONTREX eau minérale naturelle,FR,still,,"Contrexéville, Vosges, France (not printed on the composition page)",natural mineral water,479,72.2,8,,,,,,,,,,,,,https://www.contrex.fr/eau-minerale-contrex/composition,2026-09-14,brand_site,"Printed as ""1 litre de CONTREX vous apporte 479mg de Calcium"", ""72,2mg/L"" magnésium, ""régime pauvre en sodium : 8mg/L""; decimal comma converted to point.","PARTIAL: composition page prints only Ca, Mg, Na. Fetched through the desktop browser pane (site returns HTTP 403 to non-browser fetchers)."
Courmayeur,Courmayeur eau minérale naturelle,FR,still,,"Courmayeur, Vallée d'Aoste, Italie; source à 1224 m d'altitude (as printed)",natural mineral water,556,68,,,,1410,,,,,,,,,,https://www.eau-courmayeur.com/les-bienfaits-de-courmayeur/,2026-09-14,brand_site,"Printed as '556mg de calcium par litre', '68mg de magnésium par litre', '1410 mg de sulfates par litre'.","Sold in FR, bottled in Italy. Second brand page https://www.eau-courmayeur.com/tout-savoir-sur-courmayeur/ prints Ca 556 mg/L, Mg 68 mg/L and '2 147 mg de minéraux par litre' (total, not labelled résidu sec). No pH, no résidu sec, no full table in text (composition chart is an image)."
Cristaline,Cristaline eau de source - Source Cristal-Roc,FR,still,Cristal-Roc,Ardenay-sur-Mérize (72370),spring water,73,2,4.5,1.3,200,20,10,<1,0.1,7.7,223,,,,,http://raja.scene7.com/is/content/Raja/FT_24136pdf,2026-09-14,label_photo_official,"mg/l; bicarbonate printed as 'Hydrogénocarbonates'; silice 14 mg/l; 'pH eau plate 7,7'.","Official Cristaline 'Composition des Sources CRISTALINE' sheet (5 sources) hosted by distributor Raja; undated. Column 'Extrait sec à 180°C (mg/l)' entered as dry residue. Brand site per-source pages (moneaucristaline.fr/source/...) show only a bottle image, no numbers. Sheet notes this water is 'déferrisée'."
Cristaline,Cristaline eau de source - Source Roxane Hovelange,FR,still,Roxane Hovelange,"Beckerich, Luxembourg (source outside France, sold under Cristaline in FR)",spring water,98,2,3.1,0.6,257,33,6.8,6.9,0.1,7.6,275,,,,,http://raja.scene7.com/is/content/Raja/FT_24136pdf,2026-09-14,label_photo_official,"mg/l; 'Hydrogénocarbonates'; silice 6,5 mg/l; 'pH eau plate 7,6'.","Official Cristaline 'Composition des Sources CRISTALINE' sheet (5 sources) hosted by distributor Raja; undated. Column 'Extrait sec à 180°C (mg/l)' entered as dry residue. Brand site per-source pages (moneaucristaline.fr/source/...) show only a bottle image, no numbers."
Cristaline,Cristaline eau de source - Source Saint-Jean-Baptiste,FR,still,Saint-Jean-Baptiste,Busigny (59137),spring water,82,7.4,7.3,1.9,263,18,14,3.9,0.2,7.5,292,,,,,http://raja.scene7.com/is/content/Raja/FT_24136pdf,2026-09-14,label_photo_official,"mg/l; 'Hydrogénocarbonates'; silice 24 mg/l; 'pH eau plate 7,5'.","Official Cristaline 'Composition des Sources CRISTALINE' sheet (5 sources) hosted by distributor Raja; undated. Column 'Extrait sec à 180°C (mg/l)' entered as dry residue. Brand site per-source pages (moneaucristaline.fr/source/...) show only a bottle image, no numbers."
Cristaline,Cristaline eau de source - Source Sainte-Cécile,FR,still,Sainte-Cécile,Cairanne / Sainte-Cécile-les-Vignes (84290),spring water,39,25,19,1.5,290,5,4,<1,0.1,7.7,270,,,,,http://raja.scene7.com/is/content/Raja/FT_24136pdf,2026-09-14,label_photo_official,"mg/l; 'Hydrogénocarbonates'; silice 23 mg/l; 'pH eau plate 7,7'.","Official Cristaline 'Composition des Sources CRISTALINE' sheet (5 sources) hosted by distributor Raja; undated. Column 'Extrait sec à 180°C (mg/l)' entered as dry residue. Brand site per-source pages (moneaucristaline.fr/source/...) show only a bottle image, no numbers. Sheet notes this water is 'démanganisée'."
Evian,evian eau minérale naturelle (1L),FR,still,,Alpes françaises (as printed),natural mineral water,80,26,6.5,1,360,14,10,3.8,,7.2,345,,,,,https://www.evian.com/fr/produits/gamme-standard/1l/,2026-09-14,brand_site,Composition minérale table in mg/L; silice 15 mg/L also printed. Résidu sec printed as 'résidu à sec de 345 mg/L' (temperature not stated) on a second evian.com page: https://www.evian.com/fr/evian-bebe/importance-d-une-eau-faiblement-mineralisee-pour-le-biberon-et-l-hydratation-du-bebe/,"Product page prints no fluoride, no source name, no analysis date."
Hépar,HÉPAR eau minérale naturelle,FR,still,,"Vosges, France (not printed on the composition page)",natural mineral water,,119,14.2,,,,,,,,,,,,,https://www.hepar.fr/eau-hepar/une-composition-minerale-unique,2026-09-14,brand_site,"Printed as ""teneur en Magnésium est de 119mg/L"" and ""14,2mg/L de sodium""; decimal comma converted to point.",PARTIAL: page prints only Mg and Na (calcium given only as % of reference intake). Fetched through the desktop browser pane (site returns HTTP 403 to non-browser fetchers).
Mont Blanc,Source Mont Blanc eau minérale naturelle (6x1.5L),FR,still,,Italie (as printed: 'Lieu de provenance : Italie'),natural mineral water,27.6,2.6,1.6,1.9,64.2,32.5,0,0,0,7.6,134,,,,,https://www.houra.fr/mont-blanc-eau-minerale-naturelle-6x1.5l/1323878/,2026-09-14,label_photo_official,"Retailer (houra.fr) nutrition template prints every value with unit 'g' (e.g. 'Calcium 27,6 g', 'résidu sec à 180 °c 134 g'); these are the label's mg/L figures. Bicarbonate printed as 'hydogénocarbonates'.",Brand site https://www.eau-montblanc.fr/la-qualite/ prints 'résidu sec à 180°C 138 mg par litre' and 'nitrates < à 1 mg/L' but no full table.
Mont Roucous,Mont Roucous eau minérale naturelle,FR,still,,,natural mineral water,2.6,0.49,3,0.36,,2.5,,1.6,<0.1,5.8,33,,,,,https://www.mont-roucous.com/eau-tres-faiblement-mineralisee/eau-mont-roucous/composition-mont-roucous,2026-09-14,brand_site,mg/L; 'Résidu sec à 180°C 33 mg/L'; silicates 8.0 mg/L also printed.,"Bicarbonates and chlorures not printed on the composition page. Source location (Lacaune, Tarn) not printed on that page. No analysis date."
Ogeu,Ogeu Pyrénées eau minérale naturelle plate,FR,still,,Pyrénées françaises (as printed),natural mineral water,47.4,15.1,16,0.7,180,35.5,20.7,2.9,,7.9,250,,,,,https://www.ogeu.com/produit/ogeu,2026-09-14,brand_site,"mg/L; 'Résidu à sec à 180°, 250 mg/L'.","No fluoride, no analysis date printed."
Plancoët,Plancoët plate eau minérale naturelle,FR,still,Source de Sassoy (printed 'source de Sassoy'),"Plancoët, Côtes d'Armor",natural mineral water,25,16,32,4.9,126,56,39,0,,6.5,257,,,,,http://www.eau-plancoet.com/produit/plancoet,2026-09-14,brand_site,"mg/L; 'Résidu à sec à 180°C, 257mg/L'; nitrates '0mg/L' with footnote '*inférieur à la limite de détection'.","No fluoride, no analysis date printed."
Saint-Amand,Saint-Amand eau minérale naturelle,FR,still,Clos de l'Abbaye,,natural mineral water,176,46,28,5,,,,,,,,,,,,https://www.saint-amand.com/la-source/,2026-09-14,brand_site,mg/l.,"Only Ca, Mg, Na, K printed on the brand page. Retailer pages (Intermarché) returned HTTP 502; houra.fr product page prints no composition."
Thonon,Thonon eau minérale naturelle,FR,still,,Alpes de Haute-Savoie (as printed),natural mineral water,92,16,6,<1,340,12,14,8,,,,,,,,https://www.eau-thonon.com/thonon-une-eau-naturellement-minerale/une-mineralite-unique-et-stable/,2026-09-14,brand_site,mg/l.,"Homepage (https://www.eau-thonon.com/) says 'faiblement minéralisée (342 mg/l)' without naming the parameter, so 342 is NOT entered as résidu sec. No pH, no fluoride, no analysis date printed."
Vittel,VITTEL Nature eau minérale naturelle,FR,still,,"Vosges, France (as printed: ""au cœur des Vosges"")",natural mineral water,240,,,,,,,,,,,,,,,https://www.vittel.fr/produits/vittel-nature,2026-09-14,brand_site,"Only calcium printed: ""Boire 1L ... apporte 240 mg de calcium"" (mg per litre).","PARTIAL: brand site prints no full composition table (2026-09-14, browser pane; /notre-eau/composition returns 404). Site says ""naturellement composée de calcium et de sulfate et faible en sodium"" without numbers for sulfate/sodium. Full label values still needed from a bottle or retailer label photo."
Volvic,Volvic Nature eau minérale naturelle,FR,still,,Volvic (Puy-de-Dôme) - page says 'embouteillée à la source à Volvic',natural mineral water,13,9,12,7,80,9,16,7.7,,,,,,,,https://www.volvic.fr/nos-produits/eau-minerale-naturelle.html,2026-09-14,brand_site,'Analyse caractéristique de l'eau minérale Volvic Nature (mg/L)'; silice 31 mg/L also printed.,"No pH, no résidu sec, no fluoride, no analysis date on the page. Page fetched with curl (WebFetch saw JS shell only)."
Wattwiller,Wattwiller eau minérale naturelle plate,FR,still,Source Artesia,,natural mineral water,35,11,3,1,135,24,,0,<0.5,7.5,155,,,,,https://www.wattwiller.com/eau-minerale-de-wattwiller/faq/,2026-09-14,brand_site,mg/l; printed 'Résidu sec 155mg/l' (temperature not stated on FAQ); nitrites 0 also printed.,Chlorures not printed. No analysis date.
Conad,Conad acqua minerale naturale oligominerale 1.5 l,IT,still,Sorgente Flaminia,Nocera Umbra (PG),natural mineral water,35.2,5.6,3.8,0.70,136,1.6,,5.0,,7.6,135.9,,,,2022-10-11 (prelievo; Università di Torino),https://spesaonline.conad.it/p/conad-naturale-acqua-minerale-naturale-oligominerale-15-l--279757,2026-09-14,label_photo_official,"mg/l; 'Residuo fisso a 180°C 135,9 mg/l'.",Retailer (Conad online shop) reproduces the label analysis text. Chlorides and fluoride not listed; hardness not printed.
Dolomia,Acqua Dolomia naturale,IT,still,Sorgente Valcimoliana,"Cimolais (PN), Dolomiti Friulane",natural mineral water,26.7,14.7,0.2,,150,,,2.0,0.05,8.2,105,,,12.7,,https://www.acquadolomia.it/caratteristiche-dolomia/,2026-09-14,brand_site,"mg/L; 'Durezza 12,7 °F' (French degrees); 'Residuo Fisso 105 mg/L' (temperature not stated on page); ossigeno disciolto 8,2 mg/L; arsenico <0,001; temperatura alla sorgente 8,8 °C.","Potassium, sulfates, chlorides, analysis date not printed. Homepage repeats Ca 26,7 / pH 8,2 / Na 0,2."
Fonte Essenziale,Fonte Essenziale acqua minerale naturale,IT,still,,Darfo Boario Terme (Valle Camonica),natural mineral water,593,102,14,,,1603,,,,,,,,,,https://www.fonteessenziale.it/acqua/,2026-09-14,brand_site,mg/L.,"Sulfate-rich water from Terme di Boario (Ferrarelle group). Only these four values printed; no pH, residuo fisso, bicarbonate or date on the site."
Guizza,Fonte Guizza acqua minerale naturale oligominerale - naturale,IT,still,Fonte Guizza,Comune di Scorzè (VE),natural mineral water,49.1,28.9,6.2,0.96,275,4.6,2.8,9,<0.1,7.56,249,,,,2017-06-12 (analisi Università Federico II Napoli); scheda 2018-07-23,https://www.mybeverages.it/uploads/prodotti/schede/GUIANA15PV.pdf,2026-09-14,label_photo_official,mg per litre expressed as ions; 'Residuo fisso a 180°C 249 mg/l'; pH 7.56 UpH at spring temperature 15.5 °C; conducibilità 407 µS/cm; silice 16.4 mg.,Official San Benedetto group 'Scheda tecnica prodotto finito' (SB_AQ_ST_183) hosted by distributor mybeverages.it. guizza.it product page links a scheda PDF but shows no numbers in HTML.
Lauretana,Lauretana acqua minerale naturale,IT,still,,Graglia (BI) (company address printed),natural mineral water,,,0.9,,,,,,,,14,,,0.4,,https://www.lauretana.com/acqua_tabella_comparativa.php,2026-09-14,brand_site,"Comparative table image (Tabella_2025b_IT.gif): 'residuo fisso in mg/l 14', 'sodio in mg/l 0,9', 'durezza in °f 0,4'. Temperature of residuo fisso not stated in the table; brand text elsewhere says 180°C.","Brand site prints only residuo fisso, sodio and durezza; no full analysis found on lauretana.com."
Levissima,Levissima Naturale (150 cl PET),IT,still,,,natural mineral water,19.9,1.7,2.1,1.6,56.8,15.8,,1.3,0.2,7.8,80.0,,,5.7,,https://www.riboscuola.it/allegati/2021/4/st_17446_10103211-levissimanat150cl_5020.pdf,2026-09-14,label_photo_official,"mg/L with tolerances (e.g. Bicarbonati 56,8 ± 10%); 'Durezza °f 5,7'; 'Residuo fisso a 180°C mg/L 80,0'; pH alla sorgente 7,8; conducibilità 118 µS/cm; silice 5,7 mg/L; CO2 libera 2,5 mg/L.",Official Sanpellegrino S.p.A. 'Specifica tecnica prodotto' hosted by a school-catering supplier (riboscuola.it); no analysis date or source location printed. levissima.it returned HTTP 403 to all fetches.
Lilia,Acqua Lilia Naturale,IT,still,,,natural mineral water,30.9,9.5,,27.7,270,,,8,1,,393,,,,,https://www.coca-cola.com/it/it/brands/lilia,2026-09-14,brand_site,mg/L (printed per 1000ml); 'Residuo fisso a 180°C: 393 mg/L'.,"Brand owner (Coca-Cola Italia) page; acqualilia.it has a broken certificate. Sodium, sulfates, chlorides, pH, hardness, source, date not printed."
Lurisia,Lurisia acqua naturale - Fonte Santa Barbara,IT,still,Fonte Santa Barbara,Alpi Liguri (as printed 'dalle Alpi Liguri'),natural mineral water,4.0,0.43,2.7,0.71,18.0,1.9,0.35,3.1,,,,,,,,https://www.coca-cola.com/it/it/brands/Lurisia/Acqua,2026-09-14,brand_site,'Sostanze disciolte in mg/L'.,"Brand owner (Coca-Cola Italia) product page; lurisia.it redirects there. No pH, no residuo fisso, no hardness, no date printed."
Norda,"Norda Naturale 1,5L - Sorgente Daggio",IT,still,Sorgente Daggio,,natural mineral water,11.8,3.7,2.2,0.8,,6.0,2.2,4.1,<0.1,7.6,62.0,,,4.5,2016-12-19 (Rif. analisi); scheda rev. 02 2017-09-22,https://www.mybeverages.it/uploads/prodotti/schede/NORANA15PV.pdf,2026-09-14,label_photo_official,"mg/L; 'Durezza totale 4,5 °f' (French degrees); 'Residuo fisso a 180°C 62,0 mg/L'; pH alla sorgente 7,6; conducibilità 92 µS/cm; silice 7,1 mg/L; CO2 alla sorgente 6,0 mg/L.",Official Acque Minerali d'Italia S.p.A. 'Scheda descrizione prodotto' hosted by distributor mybeverages.it. Bicarbonate not listed in the extracted table. norda.it refused connections. Source location not printed on the sheet.
Plose,Acqua Plose naturale,IT,still,,"Alto Adige, 1870 m (as printed); Fonte Plose Spa, Bressanone (BZ)",natural mineral water,,,1.3,,,,,,,6.6,22,,,,,https://acquaplose.com/proprieta/caratteristiche/,2026-09-14,brand_site,"'Residuo Fisso 22 mg/l' (temperature not stated on this page); 'Contenuto di sodio 1,3 mg/l' in the highlight box while body text says 'solo 1,1 mg/l'; pH 6,6; ossigeno 10 mg/l.","Brand site prints only marketing highlights, no full analysis table."
Recoaro,Recoaro acqua minerale naturale oligominerale,IT,still,,"Conca di Smeraldo, Recoaro Terme (VI), Piccole Dolomiti",natural mineral water,34.0,14.7,0.9,0.2,153,,0.7,3.7,,8.0,154,,,,2016-12-05 (Università degli Studi di Pavia),https://www.recoaro.it/,2026-09-14,brand_site,"'Elementi caratterizzanti in mg/L'; 'Residuo fisso a 180°C 154 mg/L'; pH 8,0 alla temperatura della sorgente (10,8 °C); conducibilità 245 µS/cm; CO2 libera 3,5 mg/L; silice 1,7; nitriti <0,002.","Values read from the analysis image on the brand homepage: https://recoaro.it/wp-content/uploads/2020/06/analisi-chimiche.png. Sulfates, fluoride, hardness not printed."
Rocchetta,Rocchetta acqua minerale naturale oligominerale,IT,still,Sorgente Rocchetta,Umbria (as printed 'nel cuore dell'Umbria'),natural mineral water,55.85,4.01,4.24,0.29,184.7,7.01,8.05,1.47,0.17,7.7,175.9,,,,,https://www.rocchetta.it/acqua-minerale-naturale-rocchetta/,2026-09-14,brand_site,"'Sostanze disciolte mg/l espresso in ioni'; 'Residuo fisso a 180°C (mg/l) 175,9'; conducibilità 323 µS/cm; CO2 libera 6 mg/l; stronzio 0,13; silice 5,41.","Values read from the label table image on the brand page: https://www.rocchetta.it/wp-content/uploads/2025/11/tabella-rocchetta-1.jpg ('Leggiamo l'etichetta'). No analysis date, no hardness printed."
San Benedetto,"San Benedetto Naturale (Fonte Benedicta, Scorzè)",IT,still,Benedicta (denominazione varied from 'San Benedetto' per D.M.S. 4214 del 12 gennaio 2016),Comune di Scorzè (VE),natural mineral water,47.1,26.9,5.7,0.94,283,4.4,2.7,9,<0.1,7.48,262,,,,2019-07-04 (analisi Università Federico II Napoli); scheda 2020-06-16,https://www.mybeverages.it/uploads/prodotti/schede/S.BAEA10PV.pdf,2026-09-14,label_photo_official,'Sostanze disciolte in un litro d'acqua espresse in ioni e mg'; 'Residuo fisso a 180°C 262 mg/l'; pH 7.48 upH at spring temperature 15.2 °C; conducibilità 414 µS/cm; silice 16.6 mg; CO2 libera <10 mg.,"Official Acqua Minerale San Benedetto S.p.A. 'Scheda tecnica prodotto finito' (SB_AQ_ST_339, Benedicta Scorzè naturale) hosted by distributor mybeverages.it. Brand site product pages list sources but print no analysis. Older sheet (Fonte San Benedetto, analysis 06/08/2012): residuo fisso 265, HCO3 313, Ca 50.3, Mg 30.8, Na 6.0, K 0.9, SO4 3.7, Cl 2.2, NO3 9, F <0.1, pH 7.52 - https://www.fassacoop.it/wp-content/uploads/schede-prodotti/SA_SAN-BENEDETTO_31658-Acqua-San-B-Naturale-Cl-50-PET.pdf"
San Bernardo,S.Bernardo naturale (Sorgente Rocciaviva),IT,still,Sorgente Rocciaviva,"Garessio (CN), Alpi Marittime",natural mineral water,,,0.8,,,,,1.4,,7,35.6,,,,,https://www.sanbernardo.it/le-acque-s-bernardo/,2026-09-14,brand_site,"'Residuo Fisso: 35,6 Mg/L'; 'pH Neutro: pH 7'; 'Nitrati: 1,4 Mg/L'; 'Nitriti: < 0,002 Mg/L'; 'Sodio: 0,8 Mg/L'. Temperature of residuo fisso not stated on page.","Brand page prints only these five values. English page https://www.sanbernardo.it/en/san-bernardo-the-water/ prints dry residue 34,9 Mg/L. Company profile PDF is image-only (not machine-readable)."
Sant'Anna,Sant'Anna Sorgente Rebruant naturale,IT,still,Sorgente Rebruant,"Vinadio (CN), 1950 m",natural mineral water,3.3,,1.5,0.20,,,,0.88,,6.8,22,,,0.98,,https://www.santanna.it/il-bicchiere-mezzo-pieno/leggere-etichetta-acqua/,2026-09-14,brand_site,"mg/l; 'durezza 0,98° F' (French degrees); 'residuo fisso 22 mg/l' (temperature not stated in the article text).","Brand article explains the Rebruant label and quotes these values; magnesium, bicarbonate, sulfates, chlorides described as 'calcolati e indicati nel residuo fisso' (not itemised). Official scheda tecnica (mybeverages.it ANNANA05BI.pdf, label analysis 23 March 2016, location 'Vallone di Riofreddo') prints: residuo fisso 180°C 22,0; durezza 0,9 °F; pH 6,9; bicarbonati 10,0; sodio 1,5; calcio 2,9; nitrati 0,81; fluoruri <0,10 mg/l."
Sorgesana,Sorgesana acqua minerale naturale oligominerale,IT,still,,Parco regionale del Matese (as printed),natural mineral water,86,11.1,3.4,0.9,323,,5.2,3.2,0.1,7.02,252,,,,2024-01-15 (Roma),https://www.acquasorgesana.it/lacqua/,2026-09-14,brand_site,"'Elementi caratterizzati in mg/l'; 'Residuo fisso a 180°C 252 mg/l'; conducibilità K20° 455 µS/cm; CO2 libera alla sorgente 15 mg/l; silice 4,1.","Values read from the label image on the brand page: https://www.acquasorgesana.it/wp-content/uploads/2024/02/Acqua-sorgesana-oligominerale-etichetta4.png. Sulfates not printed. Brand FAQ page prints slightly older values (residuo fisso 270, pH 6,9, conducibilità 462)."
Surgiva,Surgiva acqua minerale naturale,IT,still,,"Parco Naturale Adamello Brenta, Trentino (as printed)",natural mineral water,8.0,,1.8,,28,,,5.5,,7.3,33,,,,,https://www.surgiva.it/purezza-acqua-surgiva/,2026-09-14,brand_site,"'33 mg/l residuo fisso a 180°'; '1,8 mg/l sodio'; '8,0 mg/l calcio'; '28 mg/l bicarbonati'; '5,5 mg/l nitrati'; '7,3 PH'.","Partial values only; no magnesium, sulfates, chlorides, hardness or date printed."
Uliveto,Uliveto acqua minerale effervescente naturale,IT,sparkling,,Vicopisano (PI) - not printed on page; page names distributor Co.Ge.Di. International,natural mineral water,171,26,64,7.3,568,89,76,6.4,0.9,5.7,729,,,,,https://www.uliveto.it/acqua/,2026-09-14,brand_site,"mg/l; 'Residuo fisso a 180°C 729 mg/L'; silice 7,3; CO2 1559 (mg/l).","NATURALLY EFFERVESCENT ('effervescente naturale'); brand has no still product, included as major seller. No analysis date, no hardness printed."
Valverde,Valverde acqua minerale naturale oligominerale,IT,still,Valverde,Stabilimento di Quarona (VC),natural mineral water,3.6,0.52,3.5,0.44,,2.2,3.8,4.2,,6.3,38.8,,,1.1,"2016-06-13 (analisi, Torino); scheda 2016-09-08",https://acquissimaonline.it/wp-content/uploads/2022/11/VALVERDE_Scheda_Tecnica.pdf,2026-09-14,label_photo_official,"mg/l; 'Durezza totale °F 1,1'; 'Residuo fisso a 180°C mg/l 38,8'; pH alla sorgente 6,3; conducibilità 46,0 µS/cm; silice 15,5 mg/l; CO2 libera alla sorgente 5,0 mg/l.",Official Valverde 'Scheda tecnica prodotto' hosted by distributor acquissimaonline.it; bicarbonate and fluoride not listed. Brand domain acquavalverde.it did not resolve.
Auchan,Água Auchan da Nascente (garrafão 6 L),PT,still,Captação AM1,Ulme,spring water,1.5,,25,,47.1,,19,,,6.27,137,165,,,,https://www.auchan.pt/pt/bebidas-e-garrafeira/aguas/aguas-sem-gas/agua-auchan-da-nascente-garrafao-6l/255397.html,2026-09-14,label_photo_official,tds_mg_l holds 'Mineralização total' exactly as printed (Portuguese labels: sum of ions + silica; not a gravimetric TDS). pH at 24 °C. Dry residue at 180 °C. All mg/L as printed on the retailer's label transcription.,"Sílica (SiO2) 64 mg/L. Bottler 'Aguarela do Mundo, Águas de Nascente S.A.' (Ulme, Chamusca)."
Caldas de Penacova,Água das Caldas de Penacova,PT,still,aquífero profundo,"Mata das Caldas, Penacova",natural mineral water,0.6,1.1,5.6,,2.9,1.3,9.8,2.0,,5.3,,33,,,,http://www.caldasdepenacova.pt,2026-09-14,brand_site,"tds_mg_l holds 'Mineralização total' exactly as printed (Portuguese labels: sum of ions + silica; not a gravimetric TDS). All mg/L. Printed ±: pH 0.4, MT 2, SiO2 0.4, Cl 0.4, HCO3 0.5, SO4 0.2, NO3 0.2, Na 0.4, Mg 0.2, Ca 0.2.",Sílica 9.8 ± 0.4 mg/L. No analysis date on the page. Continente listing (search snippet) shows MT 32 ± 2 and SiO2 9.0 ± 0.4 — slightly different label lot; not used.
Caramulo,Água Caramulo,PT,still,,Serra do Caramulo,spring water,2.7,1.8,11,0.9,24.6,7.4,4.8,1.1,0.1,6.68,,79,Alcalinidade total 20.1 mg(CaCO3)/L,,,https://www.aguasdocaramulo.pt,2026-09-14,brand_site,"tds_mg_l holds 'Mineralização total' exactly as printed (Portuguese labels: sum of ions + silica; not a gravimetric TDS). Brand page prints both alkalinity (as CaCO3) and bicarbonate. Units as printed: mg(HCO3)/L, mg(NO3)/L, mg(SO4)/L, mg(SiO2)/L.","Sílica 25 mg(SiO2)/L; condutividade 72.3 µS/cm. Water type 'spring water' per retailer listing 'Água Nascente Caramulo' (Auchan); bottler Mountain Water. Auchan listing prints a different lot: MT 86, pH 6.7, SiO2 28, HCO3 26.6, Cl 4.8, NO3 0.8, Ca 2.7, Na 10.3, Mg 1.8 (not used)."
Carvalhelhos,Carvalhelhos Água Mineral Natural (still),PT,still,Fonte Lucy (DGEG Hidrogenoma),"Carvalhelhos, Beça - Boticas, Serra do Barroso",natural mineral water,5.9,,52.3,1.45,147.0,7.1,,,,7.0,181.5,254.5,,,,https://carvalhelhos.pt/caracteristicas/,2026-09-14,brand_site,"tds_mg_l holds 'Mineralização total' exactly as printed (Portuguese labels: sum of ions + silica; not a gravimetric TDS). Table 'Composição química típica' is an image (tabela.png) on the brand page; all mg/L. Printed ±: pH 0.4, MT 6.2, RS 5.8, SiO2 7.6, Na 2.2, Ca 0.6, K 0.13, HCO3 0.9, SO4 3.3.","Sílica (SiO2) 36.8 ± 7.6 mg/L. Brand catalog PDF (Nov 2025) repeats pH 7, SiO2 36.8, Na 52.3, Ca 5.9, K 1.45, MT 254.5 as 'valores médios'. Sparkling version (tabela2.png): MT 252.4, RS 180.9, SiO2 37.1, Na 52.6, Ca 5.9, K 1.48, HCO3 145.5, SO4 7.4."
Cruzeiro,Água do Cruzeiro,PT,still,"Captações Cruzeiro 2, Cruzeiro 4 e Cruzeiro 5",cerca de 5 km da vila de Luso (brand page),spring water,13,9,10,6.5,90,,17.1,2.8,,7.2,,168,,,Relatório 02/H/2024 LNEG Jan.2024; ficha técnica FT.007 v16 rev. 2024/03/01,https://www.centralcervejas.pt/media/hb5dz5jp/ft007-%C3%A1gua-do-cruzeiro-v16_2024.pdf,2026-09-14,brand_site,"tds_mg_l holds 'Mineralização total' exactly as printed (Portuguese labels: sum of ions + silica; not a gravimetric TDS). All mg/l. Printed ±: pH 0.3, SiO2 0.5, MT 28, Cl 0.8, HCO3 21, NO3 1.3, Na 1.0, Mg 2, Ca 4, K 1.0. No dry residue printed.",Sílica (SiO2) 15.2 ± 0.5 mg/l. Denominação de venda 'Água de Nascente'. Bottler SCC (brand owner).
Fastio,Água do Fastio,PT,still,Nascente N.Srª do Fastio (DGEG Hidrogenoma),"Serra do Gerês, Terras de Bouro, Braga",natural mineral water,1.3,,4.1,0.6,8.0,1.0,4.2,,,6.00,34.0,54,,,,https://www.flavers.pt/produto/fastio-agua-lisa-500ml/,2026-09-14,label_photo_official,"tds_mg_l holds 'Mineralização total' exactly as printed (Portuguese labels: sum of ions + silica; not a gravimetric TDS). Retailer (Flavers) label transcription; pH at 18 °C. Printed ±: RS 4, MT 6, SiO2 2, HCO3 0.8, Cl 0.4, SO4 0.20, Na 0.4, Ca 0.3, K 0.1. All mg/L.","Sílica 9.6 ± 2 mg/L. Brand site fastio.pt has no readable composition (image/JS). DGEG Hidrogenoma (27/04/2016): MT 41 mg/L, pH 6.1, condutividade 34 µS/cm."
Glaciar,Água Glaciar,PT,still,,"Vale Glaciar do Zêzere, Serra da Estrela",natural mineral water,,,,,,,,,,7,,60,,,,https://www.agua-glaciar.com/en,2026-09-14,brand_site,"Brand site prints only marketing figures: 'Total Mineralization of 60 mg/L', 'neutral pH (7)', 'Zero Nitrates', '42% silica'. No analysis table found.",aguaglaciar.pt (PT site with 'A Nossa Água' page) returned HTTP 521 on every attempt. Silica reported as 26 mg/L in a brand blog post (not fetched directly; not entered).
Luso,Água de Luso (still),PT,still,,"Serra do Bussaco (brand site); DGEG Hidrogenoma lists captação F1L, Mealhada, Aveiro",natural mineral water,0.8,1.7,7.1,,11,1.5,9.5,1.6,,5.8,42,48,,Dureza Total 9 ± 1 mg/l (sheet does not say as what),Relatório 01/H/2024 LNEG Jan.2024; ficha técnica FT.001 v22 rev. 2024/03/01,https://www.centralcervejas.pt/media/j50hlqa5/ft001-%C3%A1gua-de-luso-v22_2024.pdf,2026-09-14,brand_site,"tds_mg_l holds 'Mineralização total' exactly as printed (Portuguese labels: sum of ions + silica; not a gravimetric TDS). Sheet labels it 'Mineralização total (Total Dissolved Salts)'. Resíduo Seco 180ºC = dry_residue_180c_mg_l. All mg/l. Printed ±: pH 0.1, SiO2 1, RS 4, MT 7, Cl 0.4, HCO3 4, SO4 0.2, NO3 0.12, Na 1.0, Mg 0.2, Ca 0.2.","Sílica (SiO2) 14 ± 1 mg/l. Bottler SCC - Sociedade Central de Cervejas e Bebidas (owner of the brand; centralcervejas.pt = brand-owner site). Pingo Doce listing reproduces an older label (Relatório 02/H/2016): pH 7.77 ± 0.19, SiO2 14, RS180 43, MT 49, Cl 9.0, HCO3 13, SO4 1.5, NO3 1.6, Na 7.3, Mg 1.7, Ca 0.74 (not used here)."
Monchique,Água Monchique,PT,still,Captação CHIC (furo) (DGEG Hidrogenoma),"Caldas de Monchique, Monchique, Faro (DGEG Hidrogenoma)",natural mineral water,1.1,,109,2.0,113,,38,<0.3,1.2,9.5,297,352,,Dureza 2.7 mg(CaCO3)/L,"Boletim de Análises Nº 09276-25, 13/05/2025",https://aguamonchique.pt/index.php?id=19,2026-09-14,brand_site,tds_mg_l holds 'Mineralização total' exactly as printed (Portuguese labels: sum of ions + silica; not a gravimetric TDS). pH measured at 21 °C. Dry residue printed as 'Resíduo seco a 180 °C'. All mg/L.,Sílica 8.6 mg(SiO2)/L; 'Silício total' 13 mg(SiO2)/L; condutividade 473 µS/cm (20 °C). Magnesium and sulfate not in this bulletin (older label text elsewhere printed Mg <0.1).
Pedras Salgadas,Pedras Salgadas (água mineral natural gasocarbónica),PT,sparkling,Captação Pedras Salgadas 25 (DGEG Hidrogenoma),"Pedras Salgadas, Vila Pouca de Aguiar, Vila Real (DGEG Hidrogenoma)",natural mineral water,102,24,577,,1983,,30,<0.25,,6.1,,2807,,,Boletim nº 19/H/2014 do LNEG; sheet 'Data última atualização' 08/01/2020,https://superbockgroup.com/wp-content/uploads/2023/03/PEDRAS-SALGADAS.pdf,2026-09-14,brand_site,tds_mg_l holds 'Mineralização total' exactly as printed (Portuguese labels: sum of ions + silica; not a gravimetric TDS). All mg/L as printed. Naturally carbonated; included because the brand has no still product.,Sílica (SiO2) 62 mg/L. 'Água submetida a um método de adsorção autorizado.' Super Bock Group (superbockgroup.com) is the brand owner.
Salutis,Água Salutis,PT,still,,Alto Minho (brand site),natural mineral water,,,5.6,,,,7.6,,,5.1,32,,,,Análise do LNEG nº 04/H/14,https://aguasalutis.pt/en/aguas-salutis/,2026-09-14,brand_site,Values come from the image 'Salutis-composicao-Quimica.jpg' on the brand page; no unit printed in the image (mg/L assumed by convention — verify). pH at 18.1 °C. 'Res. Seco a 180ºC' = dry_residue_180c_mg_l. Chloride printed as 'Cloro (Cl-)'.,Sílica (SiO2) 7.6. Only these five parameters are printed.
Serra da Estrela,Água Serra da Estrela,PT,still,,"Serra da Estrela, nascente a 1200 m de altitude",,0.9,0.6,6.6,,5.0,,8.2,2.2,,5.7,,,,,,https://aguaserradaestrela.pt/a-agua-das-aguas/,2026-09-14,brand_site,Brand page 'Composição Química' prints bare numbers with no unit label and no mineralização total; treated as mg/L only by convention — verify on a label. Water type not declared on the page (left empty).,"Sílica 17. Sumol+Compal brand. A KuantoKusta/Sabgal listing (third party, not used) shows a different lot: MT 39 ± 14, pH 5.8-7.0, SiO2 17 ± 5.5, Cl 3.2, HCO3 16.5, Na 4.4, Ca 2.7."
São Martinho,Água S. Martinho,PT,still,,"Fafe (Outeirinho), São Martinho de Silvares",spring water,5.7,,9.4,,22.9,,7.8,,,6.28,68,78,,,,http://outeirinho.com.pt/en/525-2/,2026-09-14,brand_site,tds_mg_l holds 'Mineralização total' exactly as printed (Portuguese labels: sum of ions + silica; not a gravimetric TDS). pH at 23 °C; 'Dry residue at 180°C' = dry_residue_180c_mg_l. All mg/L.,"Sílica (SiO2) 16 mg/L. Brand page uses a self-signed TLS certificate (fetched with curl -k). Bottler Outeirinho - Turismo e Indústria, S.A."
São Silvestre,Água São Silvestre,PT,still,Captação AC2 (furo),"Quinta São Silvestre, 2000-498 Pernes, Santarém",natural mineral water,,,,,,,,,,7.5,,260,,,12/02/2018,https://hidrogenoma.dgeg.gov.pt/agua-mineral-natural/sao-silvestre,2026-09-14,official_regulator,"tds_mg_l holds 'Mineralização total' exactly as printed (Portuguese labels: sum of ions + silica; not a gravimetric TDS). DGEG (Direção-Geral de Energia e Geologia) Hidrogenoma page prints only mineralização total, pH, temperature (22.6 °C) and conductivity (307 µS/cm).","Brand site prints only 'pH 7.64' and 'sódica e cálcica'. A Marketeer article (third party, not used) lists HCO3 143, Ca 30, Mg 4.5 mg/L. Classified 'Bicarbonatada Sódico-Cálcica, fracamente mineralizada'."
Vimeiro,Vimeiro Lisa,PT,still,,,other,3.3,0.8,9.9,0.4,23.4,,8.5,,<0.1,6.3,,51.5,,,,https://www.aguadovimeiro.pt/produtos/vimeiro-lisa/,2026-09-14,brand_site,tds_mg_l holds 'Mineralização total' exactly as printed (Portuguese labels: sum of ions + silica; not a gravimetric TDS). All mg/L. Page: 'valores são médias resultantes de análises periódicas em laboratórios acreditados'.,"Declared 'água de consumo humano' (filtered groundwater, not mineral/spring) — water_type=other. Sílica 1. Fonte Viva (Jet Cooler) bottles the same Vimeiro water; its page printed MT 47.1 ± 6.7, pH 6.0 ± 0.6, HCO3 19.1, Cl 9.5, Na 9.4, Ca 3.5, Mg 0.9, SiO2 0.7, K 0.4, NO3 0.93, F <0.1, dureza 12.69 mg CaCO3/L (search snippet, page now 404; not used)."
Vimeiro,Vimeiro Original,PT,still,,,natural mineral water,113.2,28.3,139.9,4.2,428.2,,185.8,,0.2,7.3,,1011.7,,,,https://www.aguadovimeiro.pt/produtos/vimeiro-original/,2026-09-14,brand_site,tds_mg_l holds 'Mineralização total' exactly as printed (Portuguese labels: sum of ions + silica; not a gravimetric TDS). All mg/L; averages of periodic accredited-lab analyses (page note).,Sílica 12.8. Described on site as 'Mineral natural equilibrada' (natural mineral water). DGEG Hidrogenoma lists Águas Santas do Vimeiro (Fonte dos Frades / Fonte Santa Isabel).
Vitalis,Vitalis Água Mineral Natural (garrafão 6 L),PT,still,Captações VITALIS - Serra de Águas Quentes,Castelo de Vide,natural mineral water,0.4,0.7,4.2,0.3,<1,,7.3,1.5,,4.7,,27,,,,https://www.pingodoce.pt/on/demandware.store/Sites-pingo-doce-Site/default/Product-Show?pid=842647,2026-09-14,label_photo_official,tds_mg_l holds 'Mineralização total' exactly as printed (Portuguese labels: sum of ions + silica; not a gravimetric TDS). Pingo Doce 'Dados legais / Menções obrigatórias complementares' reproduces the label text; all mg/L.,"Sílica (SiO2) 9.2 mg/L. Brand site vitalis.pt prints no numbers. Other Vitalis formats reportedly print a different captação lot (MT 45, SiO2 17, pH 5.7, HCO3 5.1, Cl 8.0, NO3 2.2, Na 6.2, Ca 0.8, Mg 0.5 — seen only in search snippets of now-404 Auchan pages; not used). Super Bock Group brand."
